Date,Branch,Branc Description,Operational code,Reference,Concept,Amount ARS,Account
16/04/2020,150,San Salvador De Jujuy,2030,3675,Effective Deposit Online,"4.300,00",
30/04/2020,362,Rosario Echesortu,2030,9150,Effective Deposit Online,700,24145
30/04/2020,362,Rosario Echesortu,2030,9150,Effective Deposit Online,700,24145
4/05/2020,0,Central House,4805,1263896,Immediate Transfers,"14.300,00",24543
4/05/2020,704,Plaza Cabral Corrientes Capital,2030,213,Effective Deposit Online,"6.600,00",22799
5/05/2020,457,Mercedes Corrientes,2030,8721,Effective Deposit Online,"4.500,00",24540
6/05/2020,704,Plaza Cabral Corrientes Capital,2030,5056,Effective Deposit Online,10,22799
6/05/2020,457,Mercedes Corrientes,2030,9076,Effective Deposit Online,310,24540
6/05/2020,0,Central House,4805,85578888,Immediate Transfers,"20.000,00",24840
6/05/2020,246,Jesus Maria - Cordoba,2030,706,Effective Deposit Online,"7.440,00",22930
6/05/2020,0,Central House,4805,764497,Immediate Transfers,"44.645,00",24762
6/05/2020,69,Tucuman,1257,11202515,Credit Trans By Online Banking,890,24048
6/05/2020,0,Central House,2767,39251816,Credin Credit,"2.278,00",20122
6/05/2020,0,Central House,4805,86148194,Immediate Transfers,"1.260,00",22351
6/05/2020,0,Central House,4805,92198640,Immediate Transfers,"2.900,00",24842
6/05/2020,0,Central House,4805,12191017,Immediate Transfers,"15.650,00",24838
6/05/2020,0,Central House,4805,60190955,Immediate Transfers,"3.674,00",24545
6/05/2020,69,Tucuman,1430,14390367,Ctas Mobile Banking Transfer,"6.970,00",24544
6/05/2020,0,Central House,4805,753600,Immediate Transfers,"4.549,00",24778
6/05/2020,264,Catamarca,2030,2565,Effective Deposit Online,"4.100,00",24643
6/05/2020,548,Curuzu Cuatia Corrientes,2030,1080,Effective Deposit Online,"14.000,00",24777
6/05/2020,0,Central House,4805,904252,Immediate Transfers,"5.700,00",
6/05/2020,265,Rio Tercero - Cordoba,2030,95,Effective Deposit Online,"11.100,00",23977
6/05/2020,225,Tucuman - Sur,2030,1922,Effective Deposit Online,"4.200,00",24767
6/05/2020,0,Central House,4805,302496,Immediate Transfers,497,24236
6/05/2020,0,Central House,4805,5310,Immediate Transfers,"5.945,00",23629
7/05/2020,69,Tucuman,1253,15177550,Credit Trans Online Banking Emp,"15.361,00",24833
8/05/2020,0,Central House,4805,72716055,Immediate Transfers,930,23827
8/05/2020,0,Central House,4805,20122156,Immediate Transfers,"2.508,00",24647
8/05/2020,0,Central House,4805,3536,Immediate Transfers,"8.483,00",24222
8/05/2020,0,Central House,4805,9060,Immediate Transfers,"1.000,00",24248
8/05/2020,245,Salta - Tres Cerritos,2030,8378,Effective Deposit Online,"6.800,00",23470
8/05/2020,245,Salta - Tres Cerritos,2030,7409,Effective Deposit Online,"1.000,00",23470
8/05/2020,701,San Martin Tucuman,2030,2700,Effective Deposit Online,"3.620,00",24648
8/05/2020,0,Central House,4805,2217,Immediate Transfers,"4.592,00",24398
8/05/2020,0,Central House,4805,9037,Immediate Transfers,"5.238,00",24593
8/05/2020,0,Central House,4805,686,Immediate Transfers,"655,37",24761
8/05/2020,69,Tucuman,1257,12560450,Credit Trans By Online Banking,"4.632,00",23257
8/05/2020,327,Tartagal,2030,422,Effective Deposit Online,"37.000,00",24647
8/05/2020,0,Central House,4805,925860,Immediate Transfers,"12.897,00",24593
8/05/2020,0,Central House,4805,81635784,Immediate Transfers,"1.720,00",19589
8/05/2020,165,Salta,2030,5998,Effective Deposit Online,"3.220,00",23264
8/05/2020,0,Central House,4805,19,Immediate Transfers,"5.702,00",24842
8/05/2020,0,Central House,4805,64176701,Immediate Transfers,"13.355,00",24778
8/05/2020,448,San Antonio De Areco,2030,8236,Effective Deposit Online,"10.000,00",24840
8/05/2020,150,San Salvador De Jujuy,2030,1128,Effective Deposit Online,"9.500,00",24594
8/05/2020,225,Tucuman - Sur,2030,2489,Effective Deposit Online,"3.200,00",24399
8/05/2020,0,Central House,4805,7571,Immediate Transfers,"4.678,00",24236
8/05/2020,476,Puerto Olivos,2030,916,Effective Deposit Online,"34.000,00",24762
8/05/2020,0,Central House,4805,74773264,Immediate Transfers,"40.000,00",24762
8/05/2020,0,Central House,4805,95223700,Immediate Transfers,"47.000,00",24820
8/05/2020,69,Tucuman,1430,20340928,Ctas Mobile Banking Transfer,"11.304,00",24777
8/05/2020,0,Central House,4805,7263,Immediate Transfers,"6.750,00",24287
8/05/2020,0,Central House,4805,9828,Immediate Transfers,"3.737,00",24838
8/05/2020,0,Central House,4805,6039,Immediate Transfers,"7.722,00",23842
8/05/2020,511,Av. Cordoba,2030,2622,Effective Deposit Online,"4.000,00",24374
8/05/2020,57,Gaona,2030,165,Effective Deposit Online,"1.310,00",24229
8/05/2020,57,Gaona,2030,165,Effective Deposit Online,"1.310,00",24229
9/05/2020,69,Tucuman,1257,17371605,Credit Trans By Online Banking,"2.800,00",24828
11/05/2020,165,Salta,2030,6223,Effective Deposit Online,"12.900,00",24761
11/05/2020,165,Salta,2030,3329,Effective Deposit Online,20,24761
11/05/2020,0,Central House,4805,795863,Immediate Transfers,"3.200,00",24538
11/05/2020,0,Central House,4805,81300,Immediate Transfers,"12,14",24285
11/05/2020,0,Central House,4805,65006,Immediate Transfers,"1.214,00",24285
11/05/2020,0,Central House,2767,28544155,Credin Credit,"1.365,00",22887
11/05/2020,90,San Fernando,2030,1413,Effective Deposit Online,"2.710,00",24286
11/05/2020,548,Curuzu Cuatia Corrientes,2030,3323,Effective Deposit Online,"6.070,00",24644
11/05/2020,280,San Isidro - Tomkinson,2030,695,Effective Deposit Online,"3.000,00",24436
11/05/2020,280,San Isidro - Tomkinson,2030,697,Effective Deposit Online,"2.000,00",24436
11/05/2020,0,Central House,4805,104375,Immediate Transfers,"30.000,00",24763
11/05/2020,0,Central House,4805,3175,Immediate Transfers,"10.828,00",24762
11/05/2020,700,Guemes Salta,2030,4905,Effective Deposit Online,"2.100,00",24648
11/05/2020,0,Central House,4805,86512467,Immediate Transfers,"3.081,00",23842
11/05/2020,0,Central House,4805,27259764,Immediate Transfers,"10.000,00",24778
11/05/2020,0,Central House,4805,9363,Immediate Transfers,"146.000,00",24762
11/05/2020,0,Central House,4805,6255,Immediate Transfers,"1.052,00",21871
11/05/2020,0,Central House,4805,122107,Immediate Transfers,"14.300,00",24641
11/05/2020,69,Tucuman,1430,10491324,Ctas Mobile Banking Transfer,67,24842
11/05/2020,0,Central House,4805,90435776,Immediate Transfers,"14.700,00",24842
11/05/2020,0,Central House,4805,27388291,Immediate Transfers,520,20299
11/05/2020,0,Central House,4805,61843559,Immediate Transfers,"5.300,00",24647
11/05/2020,0,Central House,4805,70453318,Immediate Transfers,931,24540
11/05/2020,0,Central House,4805,1781,Immediate Transfers,"1.500,00",24286
11/05/2020,0,Central House,4805,7577,Immediate Transfers,"10.845,00",23832
11/05/2020,151,Santiago Del Estero,2030,8474,Effective Deposit Online,"3.000,00",24402
11/05/2020,374,Cba- Barrio Jardin,2030,5467,Effective Deposit Online,"41.000,00",24236
11/05/2020,0,Central House,4805,599,Immediate Transfers,"3.403,00",24780
11/05/2020,701,San Martin Tucuman,2030,1206,Effective Deposit Online,"22.000,00",24766
11/05/2020,701,San Martin Tucuman,2030,1208,Effective Deposit Online,"13.000,00",24766
11/05/2020,701,San Martin Tucuman,2030,1210,Effective Deposit Online,400,24766
11/05/2020,701,San Martin Tucuman,2030,1212,Effective Deposit Online,50,24766
11/05/2020,0,Central House,4805,7578,Immediate Transfers,"4.710,00",24362
11/05/2020,69,Tucuman,1430,15583667,Ctas Mobile Banking Transfer,"5.000,00",24780
11/05/2020,144,Moreno,2030,1279,Effective Deposit Online,"6.500,00",24778
11/05/2020,0,Central House,4805,30254721,Immediate Transfers,"8.685,00",24820
11/05/2020,0,Central House,4805,6262,Immediate Transfers,"7.160,00",24544
11/05/2020,523,Laferrere,2030,3566,Effective Deposit Online,"15.000,00",24236
11/05/2020,174,Rafaela,2030,7022,Effective Deposit Online,"10.000,00",24918
11/05/2020,0,Central House,4805,805487,Immediate Transfers,"4.934,00",24248
11/05/2020,0,Central House,4805,63486642,Immediate Transfers,"23.000,00",24437
11/05/2020,0,Central House,4805,810443,Immediate Transfers,500,23264
11/05/2020,0,Central House,4805,8074,Immediate Transfers,"9.529,00",24761
11/05/2020,0,Central House,4805,95488732,Immediate Transfers,"5.800,00",24428
11/05/2020,705,Calle Avellaneda Sgo Del Estero,2030,1593,Effective Deposit Online,"4.500,00",24842
11/05/2020,151,Santiago Del Estero,2030,2191,Effective Deposit Online,"2.500,00",24766
11/05/2020,0,Central House,4805,94826868,Immediate Transfers,"2.300,00",23679
12/05/2020,705,Calle Avellaneda Sgo Del Estero,2030,1245,Effective Deposit Online,500,24842
12/05/2020,151,Santiago Del Estero,2030,479,Effective Deposit Online,400,24766
12/05/2020,0,Central House,4805,2350,Immediate Transfers,"16.500,00",24841
12/05/2020,0,Central House,4805,20901894,Immediate Transfers,"37.953,00",24843
12/05/2020,705,Calle Avellaneda Sgo Del Estero,2030,1846,Effective Deposit Online,"37.900,00",24763
12/05/2020,705,Calle Avellaneda Sgo Del Estero,2030,1848,Effective Deposit Online,"2.100,00",24763
12/05/2020,176,Alsina,2030,6854,Effective Deposit Online,"27.000,00",24838
12/05/2020,176,Alsina,2030,6856,Effective Deposit Online,"23.000,00",24838
12/05/2020,365,Tucuman-yerba Buena,2030,1760,Effective Deposit Online,"6.000,00",24437
12/05/2020,230,Tucuman Norte,2030,1422,Effective Deposit Online,"3.610,00",24778
12/05/2020,154,Oran,2030,6150,Effective Deposit Online,"4.110,00",24780
12/05/2020,0,Central House,4805,68752941,Immediate Transfers,"5.600,00",24841
12/05/2020,154,Oran,2030,6168,Effective Deposit Online,"6.800,00",24761
12/05/2020,0,Central House,4806,818477,Transfer The Same Holder,"14.000,00",24842
12/05/2020,364,Santiago Del Estero-av. Belgrano,2030,459,Effective Deposit Online,"1.000,00",20258
12/05/2020,0,Central House,4805,782683,Immediate Transfers,600,24286
12/05/2020,0,Central House,4805,92994217,Immediate Transfers,3222,20143
12/05/2020,364,Santiago Del Estero-av. Belgrano,2030,972,Effective Deposit Online,"6.000,00",24841
12/05/2020,385,El Dorado,2030,5751,Effective Deposit Online,"6.000,00",24778
12/05/2020,69,Tucuman,1430,15475627,Ctas Mobile Banking Transfer,"2.383,00",24247
12/05/2020,738,Canning,2030,1231,Effective Deposit Online,"24.000,00",24919
12/05/2020,150,San Salvador De Jujuy,2030,647,Effective Deposit Online,"10.000,00",24820
12/05/2020,0,Central House,4805,85774878,Immediate Transfers,"3.105,00",24384
12/05/2020,0,Central House,4805,4772,Immediate Transfers,"9.171,00",24531
12/05/2020,0,Central House,4805,6012,Immediate Transfers,"8.649,00",24375
12/05/2020,0,Central House,4805,13007103,Immediate Transfers,"25.600,00",24779
12/05/2020,0,Central House,4805,50515313,Immediate Transfers,"6.346,00",23679
12/05/2020,0,Central House,4805,1692,Immediate Transfers,"3.049,00",24248
12/05/2020,245,Salta - Tres Cerritos,2030,9775,Effective Deposit Online,"5.500,00",24763
12/05/2020,0,Central House,4805,34731931,Immediate Transfers,"3.140,00",23843
12/05/2020,0,Central House,4805,2541,Immediate Transfers,"30.000,00",24843
12/05/2020,69,Tucuman,1430,19114092,Ctas Mobile Banking Transfer,930,24384
12/05/2020,0,Central House,4805,5618,Immediate Transfers,"8.250,00",24845
12/05/2020,0,Central House,4805,7491,Immediate Transfers,"8.073,00",23644
12/05/2020,0,Central House,4805,53959726,Immediate Transfers,"5.000,00",24760
12/05/2020,0,Central House,4805,821777,Immediate Transfers,"255.000,00",24780
12/05/2020,0,Central House,4805,83385420,Immediate Transfers,"7.668,00",24841
13/05/2020,0,Central House,4805,3074,Immediate Transfers,"5.025,00",22290
13/05/2020,69,Tucuman,1257,8394163,Credit Trans By Online Banking,"5.890,00",24248
13/05/2020,361,Mendoza-rodriguez Peña,2030,5532,Effective Deposit Online,200,24354
13/05/2020,521,Luis Guillon,2030,388,Effective Deposit Online,"1.000,00",23978
13/05/2020,0,Central House,4805,9849,Immediate Transfers,"10.000,00",
13/05/2020,225,Tucuman - Sur,2030,3737,Effective Deposit Online,"7.230,00",24544
13/05/2020,0,Central House,4805,4981,Immediate Transfers,350,22931
13/05/2020,0,Central House,4805,841565,Immediate Transfers,"2.867,00",24760
13/05/2020,69,Tucuman,1257,11265468,Credit Trans By Online Banking,"4.614,00",24762
13/05/2020,0,Central House,4805,90675289,Immediate Transfers,"28.749,00",24820
13/05/2020,0,Central House,4805,52257888,Immediate Transfers,"1.864,00",24761
13/05/2020,364,Santiago Del Estero-av. Belgrano,2030,719,Effective Deposit Online,"13.700,00",24778
13/05/2020,69,Tucuman,1430,11531831,Ctas Mobile Banking Transfer,"21.866,00",24593
13/05/2020,0,Central House,4805,6932,Immediate Transfers,"16.000,00",24374
13/05/2020,150,San Salvador De Jujuy,2030,1926,Effective Deposit Online,"3.000,00",24772
13/05/2020,0,Central House,4805,9451,Immediate Transfers,"4.754,00",24841
13/05/2020,0,Central House,4805,834185,Immediate Transfers,"2.800,00",24362
13/05/2020,154,Oran,2030,4651,Effective Deposit Online,"44.000,00",24781
13/05/2020,0,Central House,4805,96788294,Immediate Transfers,"2.665,00",24641
13/05/2020,0,Central House,4805,97952127,Immediate Transfers,873,23264
13/05/2020,0,Central House,4805,90929380,Immediate Transfers,"1.018,00",22886
13/05/2020,216,Villa Belgrano,2030,3175,Effective Deposit Online,"4.200,00",24646
13/05/2020,0,Central House,4805,62568555,Immediate Transfers,"9.905,00",24438
13/05/2020,0,Central House,4805,1966,Immediate Transfers,"6.516,00",24763
13/05/2020,0,Central House,4805,8450,Immediate Transfers,"12.765,00",24438
13/05/2020,0,Central House,4805,7020,Immediate Transfers,"7.400,00",24401
13/05/2020,0,Central House,4805,964215,Immediate Transfers,"5.639,00",24841
13/05/2020,0,Central House,4805,45858492,Immediate Transfers,"5.000,00",24091
13/05/2020,0,Central House,4805,2677,Immediate Transfers,"2.795,00",24841
13/05/2020,705,Calle Avellaneda Sgo Del Estero,2030,1627,Effective Deposit Online,"24.500,00",24544
13/05/2020,705,Calle Avellaneda Sgo Del Estero,2030,1629,Effective Deposit Online,300,24544
13/05/2020,230,Tucuman Norte,2030,1747,Effective Deposit Online,600,24384
14/05/2020,361,Mendoza-rodriguez Peña,2030,5530,Effective Deposit Online,"7.420,00",24354
14/05/2020,705,Calle Avellaneda Sgo Del Estero,2030,2324,Effective Deposit Online,200,24544
14/05/2020,0,Central House,4805,33,Immediate Transfers,"1.423,00",24779
14/05/2020,0,Central House,4805,3926,Immediate Transfers,"39.000,00",24761
14/05/2020,0,Central House,2767,23043118,Credin Credit,"3.000,00",24642
14/05/2020,707,Facultad San Juan,2030,2473,Effective Deposit Online,"13.200,00",24780
14/05/2020,71,Gral. Pacheco,2030,7664,Effective Deposit Online,"29.530,00",24778
14/05/2020,0,Central House,4805,19035193,Immediate Transfers,"2.800,00",24642
14/05/2020,0,Central House,4805,59673662,Immediate Transfers,352,24354
14/05/2020,0,Central House,4805,12532575,Immediate Transfers,"1.554,00",24777
14/05/2020,360,Mendoza-general Espejo,2030,5571,Effective Deposit Online,"3.000,00",24835
14/05/2020,89,Villa Ballester,2030,2361,Effective Deposit Online,"16.200,00",24845
14/05/2020,0,Central House,4805,3139,Immediate Transfers,"936,08",21849
14/05/2020,0,Central House,4805,99198450,Immediate Transfers,515,22899
14/05/2020,0,Central House,4805,972883,Immediate Transfers,"21.057,00",24773
14/05/2020,69,Tucuman,1430,14427109,Ctas Mobile Banking Transfer,"5.331,00",23815
14/05/2020,0,Central House,4805,1213,Immediate Transfers,"10.000,00",24399
14/05/2020,0,Central House,4805,4705,Immediate Transfers,"2.000,00",24777
14/05/2020,0,Central House,2767,71747672,Immediate Transfers,"1.500,00",22914
14/05/2020,0,Central House,4805,5553,Immediate Transfers,"1.200,00",23679
14/05/2020,245,Salta - Tres Cerritos,2030,530,Effective Deposit Online,"2.000,00",24539
14/05/2020,0,Central House,4805,14208272,Immediate Transfers,"15.000,00",24843
14/05/2020,0,Central House,4805,64548979,Immediate Transfers,"1.101,00",24642
14/05/2020,0,Central House,4805,64764675,Immediate Transfers,"9.099,00",24642
14/05/2020,0,Central House,4805,82597527,Immediate Transfers,"65.000,00",24414
14/05/2020,69,Tucuman,1430,19315745,Ctas Mobile Banking Transfer,"2.500,00",24540
14/05/2020,0,Central House,4805,2437,Immediate Transfers,"4.867,00",24779
14/05/2020,0,Central House,4805,9419,Immediate Transfers,"11.100,00",24643
15/05/2020,69,Tucuman,1430,6517088,Ctas Mobile Banking Transfer,"2.571,00",23665
15/05/2020,0,Central House,4805,4326,Immediate Transfers,"7.065,00",24840
15/05/2020,449,Concepcion - Tucuman,2030,2351,Effective Deposit Online,"9.900,00",23492
15/05/2020,245,Salta - Tres Cerritos,2030,9743,Effective Deposit Online,"3.000,00",24773
15/05/2020,0,Central House,2767,95025771,Credin Credit,"3.087,00",24284
15/05/2020,0,Central House,4805,7466,Immediate Transfers,"50.000,00",24647
15/05/2020,0,Central House,4805,2468,Immediate Transfers,"4.064,00",24761
15/05/2020,0,Central House,4806,830051,Transfer The Same Holder,"60.000,00",24845
15/05/2020,0,Central House,4805,8205,Immediate Transfers,"5.970,00",24056
15/05/2020,424,Tacuari,2030,2781,Effective Deposit Online,"5.600,00",24415
15/05/2020,0,Central House,4805,94377170,Immediate Transfers,"17.054,00",24819
15/05/2020,6,Florencio Varela,2030,2964,Effective Deposit Online,"4.560,00",22479
15/05/2020,0,Central House,4805,8497347,Immediate Transfers,"3.500,00",24827
15/05/2020,0,Central House,4805,9016,Immediate Transfers,"1.006,00",23028
15/05/2020,700,Guemes Salta,2030,3814,Effective Deposit Online,"19.700,00",29459
15/05/2020,0,Central House,2377,2491221,Payment Interbanking Export Payment,"60.000,00",24919
15/05/2020,0,Central House,4805,20002926,Immediate Transfers,"6.928,00",24919
15/05/2020,0,Central House,4805,691,Immediate Transfers,"20.000,00",24763
15/05/2020,0,Central House,4805,6455,Immediate Transfers,"7.183,00",24645
15/05/2020,0,Central House,4805,2040,Immediate Transfers,"11.860,00",24645
15/05/2020,0,Central House,4805,4563,Immediate Transfers,"35.000,00",24840
15/05/2020,0,Central House,4805,3659,Immediate Transfers,"18.901,00",24777
15/05/2020,245,Salta - Tres Cerritos,2030,9743,Effective Deposit Online,"3.000,00",24773
15/05/2020,365,Tucuman-yerba Buena,2030,1252,Effective Deposit Online,"3.300,00",24779
15/05/2020,0,Central House,4805,53653323,Immediate Transfers,"50.000,00",24594
15/05/2020,365,Tucuman-yerba Buena,2030,1252,Effective Deposit Online,"3.300,00",24779
15/05/2020,57,Gaona,2030,1316,Effective Deposit Online,"1.410,00",24229
15/05/2020,57,Gaona,2030,1316,Effective Deposit Online,"1.410,00",24229
18/05/2020,0,Central House,4805,40123581,Immediate Transfers,"22.000,00",24646
18/05/2020,0,Central House,4805,847918,Immediate Transfers,"3.879,00",24644
18/05/2020,0,Central House,4805,54130454,Immediate Transfers,"5.161,00",24235
18/05/2020,385,El Dorado,2030,690,Effective Deposit Online,"4.200,00",24761
18/05/2020,165,Salta,2030,4665,Effective Deposit Online,"22.700,00",24437
18/05/2020,0,Central House,4805,4645,Immediate Transfers,"11.704,00",24646
18/05/2020,0,Central House,4805,6732,Immediate Transfers,"1.214,00",24428
18/05/2020,0,Central House,4805,846811,Immediate Transfers,"54,00",24414
18/05/2020,0,Central House,4805,851358,Immediate Transfers,"10.000,54",24414
18/05/2020,0,Central House,4805,754729,Immediate Transfers,607,24594
18/05/2020,0,Central House,4805,29955246,Immediate Transfers,"1.800,00",39477
18/05/2020,0,Central House,4805,7846,Immediate Transfers,"4.470,00",24097
18/05/2020,0,Central House,4805,72777760,Immediate Transfers,"1.630,00",24594
18/05/2020,69,Tucuman,1968,53097494,Payment To Suppliers,"4.092,00",24647
18/05/2020,151,Santiago Del Estero,2030,9956,Effective Deposit Online,"5.000,00",24384
18/05/2020,0,Central House,4805,536782,Immediate Transfers,"1.700,00",24647
18/05/2020,0,Central House,4805,583015,Immediate Transfers,850,24647
18/05/2020,0,Central House,4805,65246847,Immediate Transfers,640,23630
18/05/2020,365,Tucuman-yerba Buena,2030,1619,Effective Deposit Online,"15.000,00",24761
18/05/2020,265,Rio Tercero - Cordoba,1295,5000001,Effective Deposit T.Autosav. Suc 0265,"5.129,00",24146
18/05/2020,38,San Justo,2030,5188,Effective Deposit Online,"41.900,00",24777
18/05/2020,0,Central House,2377,2407193,Payment Interbanking Export Payment,"30.000,00",24531
18/05/2020,0,Central House,4805,993551,Immediate Transfers,"3.154,00",24648
18/05/2020,0,Central House,4805,847867,Immediate Transfers,"1.500,00",23256
18/05/2020,0,Central House,4805,48913332,Immediate Transfers,"4.185,00",24761
18/05/2020,0,Central House,4805,39761869,Immediate Transfers,"6.000,00",24845
18/05/2020,264,Catamarca,2030,5641,Effective Deposit Online,"7.400,00",24644
18/05/2020,449,Concepcion - Tucuman,1938,4636,Banelco Onelco Deposit O/Suc 0449,"2.150,00",19589
18/05/2020,225,Tucuman - Sur,2030,5001,Effective Deposit Online,"2.700,00",24777
18/05/2020,165,Salta,2030,458,Effective Deposit Online,"10.000,00",24643
18/05/2020,165,Salta,2030,639,Effective Deposit Online,"15.400,00",26632
18/05/2020,165,Salta,2030,641,Effective Deposit Online,600,26632
18/05/2020,0,Central House,2767,73795811,Credin Credit,"2.963,00",24777
18/05/2020,0,Central House,4805,9057,Immediate Transfers,"3.297,00",24099
18/05/2020,0,Central House,4805,4902259,Immediate Transfers,"1.156,00",24648
18/05/2020,0,Central House,4805,868375,Immediate Transfers,"3.030,00",24841
18/05/2020,0,Central House,4805,4645,Immediate Transfers,"11.704,00",24646
18/05/2020,0,Central House,4805,3194,Immediate Transfers,"2.500,00",24762
18/05/2020,264,Catamarca,2030,5641,Effective Deposit Online,"7.400,00",24644
18/05/2020,230,Tucuman Norte,2030,4018,Effective Deposit Online,950,23630
18/05/2020,230,Tucuman Norte,2030,4018,Effective Deposit Online,950,23630
18/05/2020,150,San Salvador De Jujuy,2030,2824,Effective Deposit Online,"$2.840,00",24778
19/05/2020,0,Central House,4806,903526,Transfer The Same Holder,"500,00",24762
19/05/2020,245,Salta - Tres Cerritos,2030,653,Effective Deposit Online,"3.000,00",24766
19/05/2020,69,Tucuman,2029,133,Effective Deposit Online,"29.000,00",24403
19/05/2020,0,Central House,4805,175,Immediate Transfers,"5.250,00",24766
19/05/2020,85,San Martin,2030,3404,Effective Deposit Online,"11.000,00",24919
19/05/2020,0,Central House,4805,13152291,Immediate Transfers,"4.690,00",23502
19/05/2020,245,Salta - Tres Cerritos,2030,786,Effective Deposit Online,"10.300,00",24766
19/05/2020,0,Central House,4805,2634483,Immediate Transfers,"2.258,00",24362
19/05/2020,364,Santiago Del Estero-av. Belgrano,2030,2172,Effective Deposit Online,"4.700,00",24538
19/05/2020,0,Central House,4805,3317,Immediate Transfers,"20.000,00",24400
19/05/2020,507,Villa Krause-san Juan,2030,851,Effective Deposit Online,"9.200,00",24762
19/05/2020,69,Tucuman,2029,4697,Effective Deposit Online,"28.000,00",24773
19/05/2020,69,Tucuman,1257,16090384,Credit Trans By Online Banking,"8.445,00",24593
19/05/2020,0,Central House,4805,23261898,Immediate Transfers,"10.364,00",24540
19/05/2020,69,Tucuman,2029,2085,Effective Deposit Online,"3.000,00",24647
19/05/2020,6,Florencio Varela,2030,8852,Effective Deposit Online,"10.000,00",24642
19/05/2020,6,Florencio Varela,2030,8854,Effective Deposit Online,"2.000,00",24642
19/05/2020,0,Central House,4805,17349672,Immediate Transfers,"7.855,00",24763
19/05/2020,0,Central House,4805,1178,Immediate Transfers,"50.000,00",24835
19/05/2020,0,Central House,4805,6592312,Immediate Transfers,"5.500,00",24402
19/05/2020,69,Tucuman,1253,7060776,Credit Trans Online Banking Emp,"18.211,00",24780
19/05/2020,69,Tucuman,2029,260,Effective Deposit Online,"$1.700,00",24540
20/05/2020,150,San Salvador De Jujuy,2030,2658,Effective Deposit Online,"25.000,00",24778
20/05/2020,150,San Salvador De Jujuy,2030,2678,Effective Deposit Online,400,24438
20/05/2020,327,Tartagal,2030,3445,Effective Deposit Online,760,23643
20/05/2020,69,Tucuman,1430,9466568,Ctas Mobile Banking Transfer,"4.072,00",24950
20/05/2020,0,Central House,4805,34558837,Immediate Transfers,"36.668,00",23644
20/05/2020,125,Adrogue,1938,2791,Online Deposit Banelco O/Suc 0125,"4.400,00",24773
20/05/2020,181,Posadas,1938,9081,Online Deposit Banelco O/Suc 0181,"10.000,00",24779
20/05/2020,0,Central House,4805,34986608,Immediate Transfers,"18.000,00",24779
20/05/2020,0,Central House,4805,54467090,Immediate Transfers,"2.806,00",24645
20/05/2020,530,Ranchos,2030,7039,Effective Deposit Online,"6.600,00",24230
20/05/2020,147,Merlo,2030,4028,Effective Deposit Online,"5.000,00",24841
20/05/2020,48,Moron,2030,8650,Effective Deposit Online,"5.000,00",24951
20/05/2020,462,Tucuman Centro,2030,1540,Effective Deposit Online,"1.800,00",23028
20/05/2020,0,Central House,4805,873173,Immediate Transfers,605,23630
20/05/2020,69,Tucuman,2029,2317,Effective Deposit Online,"1.600,00",24545
20/05/2020,69,Tucuman,1257,13418258,Credit Trans By Online Banking,"8.742,00",23584
20/05/2020,10,Berazategui,2030,6664,Effective Deposit Online,"2.600,00",24235
20/05/2020,0,Central House,2767,86353960,Credin Credit,"3.000,00",24927
20/05/2020,69,Tucuman,1430,14063379,Ctas Mobile Banking Transfer,"1.950,00",24428
20/05/2020,0,Central House,4805,9570,Immediate Transfers,"10.600,00",24646
20/05/2020,150,San Salvador De Jujuy,2030,2821,Effective Deposit Online,"23.810,00",24545
20/05/2020,365,Tucuman-yerba Buena,2030,2686,Effective Deposit Online,"2.850,00",24645
20/05/2020,69,Tucuman,2029,135,Effective Deposit Online,"3.900,00",23978
20/05/2020,441,Guaymallen Mendoza,2030,3442,Effective Deposit Online,"12.500,00",24951
20/05/2020,61,Rojas,2030,7047,Effective Deposit Online,"10.000,00",24766
20/05/2020,0,Central House,4805,290150,Immediate Transfers,"87.136,00",24647
20/05/2020,0,Central House,4805,689981,Immediate Transfers,"3.712,00",23583
20/05/2020,69,Tucuman,1430,19373941,Ctas Mobile Banking Transfer,"5.696,00",24780
20/05/2020,364,Santiago Del Estero-av. Belgrano,2030,2540,Effective Deposit Online,"6.200,00",
20/05/2020,364,Santiago Del Estero-av. Belgrano,2030,2542,Effective Deposit Online,100,
20/05/2020,69,Tucuman,1430,14063379,Ctas Mobile Banking Transfer,"1.950,00",24428
20/05/2020,364,Santiago Del Estero-av. Belgrano,2030,2540,Effective Deposit Online,"6.200,00",
20/05/2020,151,Santiago Del Estero,2030,124,Effective Deposit Online,"$500,00",21596
20/05/2020,151,Santiago Del Estero,2030,124,Effective Deposit Online,"$500,00",21596
21/05/2020,449,Concepcion - Tucuman,2030,4150,Effective Deposit Online,"5.600,00",24772
21/05/2020,0,Central House,4805,3219,Immediate Transfers,830,24538
21/05/2020,150,San Salvador De Jujuy,2030,3063,Effective Deposit Online,"5.550,00",24781
21/05/2020,0,Central House,4805,77901594,Immediate Transfers,"8.760,00",24772
21/05/2020,536,Sarandi,2030,9302,Effective Deposit Online,"16.000,00",24820
21/05/2020,0,Central House,4805,28293838,Immediate Transfers,"13.400,00",24780
21/05/2020,165,Salta,2030,4336,Effective Deposit Online,"11.700,00",24778
21/05/2020,272,La Rioja,2030,4768,Effective Deposit Online,"2.700,00",23979
21/05/2020,534,Libertador Gral. San Martin - Jujuy,2030,2317,Effective Deposit Online,"3.100,00",24767
21/05/2020,0,Central House,2767,63709078,Credin Credit,"2.473,00",24842
21/05/2020,0,Central House,4805,74090008,Immediate Transfers,"23.895,00",24845
21/05/2020,0,Central House,4805,2956,Immediate Transfers,"2.299,00",24438
21/05/2020,0,Central House,4805,18909,Immediate Transfers,235,20103
21/05/2020,151,Santiago Del Estero,2030,1124,Effective Deposit Online,"8.900,00",24762
21/05/2020,0,Central House,4805,64844170,Immediate Transfers,"6.076,00",24647
21/05/2020,0,Central House,4805,877519,Immediate Transfers,"1.716,00",23583
21/05/2020,472,Rosario Sur,2030,4325,Effective Deposit Online,"7.500,00",24842
21/05/2020,0,Central House,4805,75506930,Immediate Transfers,450,23978
21/05/2020,69,Tucuman,1257,16031801,Credit Trans By Online Banking,"5.569,00",24842
21/05/2020,0,Central House,4805,7157,Immediate Transfers,"10.500,00",
21/05/2020,101,Canada De Gomez,2030,3735,Effective Deposit Online,"4.000,00",24845
21/05/2020,0,Central House,4805,69109453,Immediate Transfers,"5.723,00",24950
21/05/2020,449,Concepcion - Tucuman,2030,4351,Effective Deposit Online,"7.800,00",24236
21/05/2020,225,Tucuman - Sur,2030,5978,Effective Deposit Online,"28.100,00",24594
21/05/2020,0,Central House,2377,2409076,Payment Interbanking Export Payment,"30.000,00",24763
21/05/2020,0,Central House,4805,54445223,Immediate Transfers,"19.003,00",24374
21/05/2020,10,Berazategui,2030,6109,Effective Deposit Online,"11.620,00",
21/05/2020,268,Alta Gracia - Cordoba,2030,6375,Effective Deposit Online,"3.020,00",24927
21/05/2020,0,Central House,4805,56482754,Immediate Transfers,"6.000,00",24840
21/05/2020,0,Central House,4805,3476,Immediate Transfers,"6.000,00",24843
21/05/2020,701,San Martin Tucuman,2030,3717,Effective Deposit Online,"4.640,00",24777
21/05/2020,701,San Martin Tucuman,2030,3717,Effective Deposit Online,"$4.640,00",24089
22/05/2020,0,Central House,4805,18664,Immediate Transfers,"$20.814,00",24253
22/05/2020,385,El Dorado,2030,1926,Effective Deposit Online,"$6.600,00",24767
22/05/2020,449,Concepcion - Tucuman,2030,8386,Effective Deposit Online,"$8.500,00",24778
22/05/2020,567,Rivadavia-san Juan,2030,2759,Effective Deposit Online,"$45.000,00",24429
22/05/2020,567,Rivadavia-san Juan,2030,2761,Effective Deposit Online,"$8.000,00",24429
22/05/2020,264,Catamarca,38,27000008,Cash Deposit Suc 0264,"$7.150,00",24646
22/05/2020,0,Central House,4805,31103870,Immediate Transfers,"$1.342,00",24285
22/05/2020,102,Santa Rosa,2030,4417,Effective Deposit Online,"$25.700,00",24841
22/05/2020,151,Santiago Del Estero,2030,145,Effective Deposit Online,"$2.550,00",24779
22/05/2020,365,Tucuman-yerba Buena,2030,4643,Effective Deposit Online,"$18.500,00",24767
22/05/2020,0,Central House,4805,28657688,Immediate Transfers,"$3.501,00",24090
22/05/2020,0,Central House,4805,48240397,Immediate Transfers,"$45.000,00",24842
22/05/2020,159,Rio Cuarto,2030,1007,Effective Deposit Online,"$11.900,00",24532
22/05/2020,514,Palmas Del Pilar,2030,1215,Effective Deposit Online,"$28.000,00",24646
22/05/2020,0,Central House,4805,13237788,Immediate Transfers,"$5.000,00",24780
22/05/2020,151,Santiago Del Estero,2030,1290,Effective Deposit Online,"$5.700,00",24835
22/05/2020,230,Tucuman Norte,2030,5213,Effective Deposit Online,"$15.000,00",24842
22/05/2020,225,Tucuman - Sur,2030,6199,Effective Deposit Online,"$15.000,00",24438
22/05/2020,197,Angel Gallardo,2030,299,Effective Deposit Online,"$8.500,00",24918
22/05/2020,0,Central House,4805,889986,Immediate Transfers,"$1.982,00",24951
22/05/2020,272,La Rioja,2030,5277,Effective Deposit Online,"$10.400,00",24763
22/05/2020,0,Central House,4805,201,Immediate Transfers,"$6.071,00",24842
22/05/2020,0,Central House,4805,891083,Immediate Transfers,"$1.551,00",24773
22/05/2020,151,Santiago Del Estero,2030,4757,Effective Deposit Online,"$5.000,00",24541
23/05/2020,69,Tucuman,1430,10062298,Ctas Mobile Banking Transfer,"$17.182,00",
26/05/2020,705,Calle Avellaneda Sgo Del Estero,2030,3585,Effective Deposit Online,"$1.000,00",24541
26/05/2020,0,Central House,4805,18066390,Immediate Transfers,"$12.942,00",24777
26/05/2020,0,Central House,4805,892431,Immediate Transfers,"$3.900,00",24644
26/05/2020,0,Central House,4805,16002537,Immediate Transfers,"$16.000,00",
26/05/2020,164,Resistencia,2030,4488,Effective Deposit Online,"$12.000,00",24842
26/05/2020,0,Central House,4805,950,Immediate Transfers,"$15.185,00",24781
26/05/2020,0,Central House,4805,32810805,Immediate Transfers,"$16.481,00",24762
26/05/2020,0,Central House,4805,77702145,Immediate Transfers,"$1.320,00",24229
26/05/2020,0,Central House,4805,31840388,Immediate Transfers,"$9.228,00",24222
26/05/2020,225,Tucuman - Sur,2030,3265,Effective Deposit Online,"$2.500,00",24384
26/05/2020,69,Tucuman,1968,53399705,Payment To Suppliers,"$5.100,00",24841
26/05/2020,0,Central House,4805,6066,Immediate Transfers,"$650,00",23841
26/05/2020,507,Villa Krause-san Juan,2030,5932,Effective Deposit Online,"$15.000,00",24764
26/05/2020,0,Central House,4805,93473470,Immediate Transfers,"$3.587,00",24842
26/05/2020,0,Central House,4805,906357,Immediate Transfers,"$500,00",23264
26/05/2020,270,Villa Carlos Paz - Cordoba,2030,5788,Effective Deposit Online,"$3.600,00",24919
26/05/2020,151,Santiago Del Estero,2030,1364,Effective Deposit Online,"$1.400,00",20122
26/05/2020,154,Oran,2030,8508,Effective Deposit Online,"$2.100,00",24286
26/05/2020,0,Central House,4805,31348,Immediate Transfers,"$14.561,00",24088
26/05/2020,388,Garin,2030,3361,Effective Deposit Online,"$10.000,00",24841
26/05/2020,0,Central House,4805,2,Immediate Transfers,"$20.000,00",24643
26/05/2020,150,San Salvador De Jujuy,2030,4683,Effective Deposit Online,"$1.000,00",24777
26/05/2020,225,Tucuman - Sur,38,13000004,Cash Deposit Suc 0225,"$6.000,00",24773
26/05/2020,69,Tucuman,2029,3467,Effective Deposit Online,"$6.500,00",24428
26/05/2020,179,San Juan,2030,9438,Effective Deposit Online,"$1.800,00",24779
26/05/2020,0,Central House,4805,43213160,Immediate Transfers,"$2.406,00",24761
26/05/2020,0,Central House,4805,19527889,Immediate Transfers,"$7.299,00",24950
26/05/2020,69,Tucuman,1257,14042232,Credit Trans By Online Banking,"$4.478,00",24544
26/05/2020,441,Guaymallen Mendoza,2030,1492,Effective Deposit Online,"$4.000,00",24841
26/05/2020,0,Central House,4805,40817076,Immediate Transfers,"$1.500,00",21840
26/05/2020,0,Central House,4805,96526676,Immediate Transfers,"$32.519,00",24540
26/05/2020,0,Central House,4805,11406395,Immediate Transfers,"$6.000,00",24643
26/05/2020,205,Sucursal Nueva Cordoba,2030,4813,Effective Deposit Online,"$36.000,00",24773
26/05/2020,0,Central House,4805,16887276,Immediate Transfers,"$6.400,00",24401
26/05/2020,700,Guemes Salta,2030,5799,Effective Deposit Online,"$16.100,00",22570
26/05/2020,567,Rivadavia-san Juan,2030,3094,Effective Deposit Online,"$9.300,00",24763
26/05/2020,48,Moron,2030,3267,Effective Deposit Online,"$8.150,00",23774
27/05/2020,0,Central House,4805,72384790,Immediate Transfers,"$4.500,00",24838
27/05/2020,0,Central House,4805,4180,Immediate Transfers,"$1.600,00",24401
27/05/2020,365,Tucuman-yerba Buena,2030,5180,Effective Deposit Online,"$36.000,00",24780
27/05/2020,0,Central House,4805,96648099,Immediate Transfers,"$8.833,00",24593
27/05/2020,358,Gral. San Martin-mendoza,2030,7723,Effective Deposit Online,"$4.020,00",24763
27/05/2020,151,Santiago Del Estero,2030,2534,Effective Deposit Online,"$3.500,00",24540
27/05/2020,58,Beiro,2030,7371,Effective Deposit Online,"$18.100,00",24778
27/05/2020,58,Beiro,2030,7373,Effective Deposit Online,"$17.000,00",24778
27/05/2020,58,Beiro,2030,7376,Effective Deposit Online,"$15.700,00",24778
27/05/2020,58,Beiro,2030,7378,Effective Deposit Online,"$14.200,00",24778
27/05/2020,58,Beiro,2030,7380,Effective Deposit Online,"$16.400,00",24778
27/05/2020,58,Beiro,2030,7382,Effective Deposit Online,"$12.000,00",24778
27/05/2020,58,Beiro,2030,7384,Effective Deposit Online,"$31.300,00",24778
27/05/2020,58,Beiro,2030,7386,Effective Deposit Online,"$10,00",24778
27/05/2020,0,Central House,4805,6287,Immediate Transfers,"$10.000,00",24843
27/05/2020,373,Villa Del Parque,2030,6437,Effective Deposit Online,"$18.400,00",24962
27/05/2020,373,Villa Del Parque,2030,6439,Effective Deposit Online,"$500,00",24962
27/05/2020,0,Central House,4805,82730333,Immediate Transfers,"$3.124,00",24544
27/05/2020,69,Tucuman,1430,12034120,Ctas Mobile Banking Transfer,"$2.600,00",24950
27/05/2020,0,Central House,4805,904697,Immediate Transfers,"$217.400,00",24538
27/05/2020,69,Tucuman,1257,13282951,Credit Trans By Online Banking,"$12.100,00",24842
27/05/2020,84,San Isidro,2030,1767,Effective Deposit Online,"$40.900,00",24778
27/05/2020,230,Tucuman Norte,2030,4531,Effective Deposit Online,"$4.700,00",24088
27/05/2020,373,Villa Del Parque,2030,6437,Effective Deposit Online,"$18.400,00",24962
27/05/2020,373,Villa Del Parque,2030,6439,Effective Deposit Online,"$500,00",24962
27/05/2020,204,Belgrano R,2030,4844,Effective Deposit Online,"$10.200,00",24778
27/05/2020,0,Central House,4805,5348,Immediate Transfers,"$8.784,00",24646
27/05/2020,361,Mendoza-rodriguez Peña,2030,5836,Effective Deposit Online,"$33.100,00",24919
27/05/2020,361,Mendoza-rodriguez Peña,2030,5837,Effective Deposit Online,"$6.900,00",24919
27/05/2020,0,Central House,4805,883138,Immediate Transfers,"$6.090,00",24840
27/05/2020,0,Central House,4805,6498271,Immediate Transfers,"$15.204,00",24222
27/05/2020,264,Catamarca,2030,4369,Effective Deposit Online,"$1.000,00",24543
27/05/2020,707,Facultad San Juan,2030,4299,Effective Deposit Online,"$7.000,00",24762
27/05/2020,364,Santiago Del Estero-av. Belgrano,2030,3905,Effective Deposit Online,"$1.030,00",19723
27/05/2020,0,Central House,4805,29772788,Immediate Transfers,"$22.000,00",24646
27/05/2020,262,San Rafael - Mendoza,2030,4375,Effective Deposit Online,"$14.700,00",24919
27/05/2020,262,San Rafael - Mendoza,2030,4377,Effective Deposit Online,"$6.900,00",24919
27/05/2020,0,Central House,4805,4106308,Immediate Transfers,"$5.245,00",24762
27/05/2020,0,Central House,4805,57590623,Immediate Transfers,"$3.150,00",24834
27/05/2020,182,Caseros,2030,4132,Effective Deposit Online,"$15.000,00",24642
27/05/2020,0,Central House,4805,891521,Immediate Transfers,"$22.347,00",24761
27/05/2020,0,Central House,4805,45348323,Immediate Transfers,"$11.681,00",24767
28/05/2020,0,Central House,4805,9513,Immediate Transfers,"$6.579,00",24374
28/05/2020,0,Central House,4805,654339,Immediate Transfers,"$7.600,00",24543
28/05/2020,0,Central House,4805,5657,Immediate Transfers,"$5.000,00",24950
28/05/2020,365,Tucuman-yerba Buena,2030,5882,Effective Deposit Online,"$5.620,00",24401
28/05/2020,0,Central House,4805,3172,Immediate Transfers,"$13.027,00",24384
28/05/2020,0,Central House,4805,146,Immediate Transfers,"$6.600,00",24540
28/05/2020,388,Garin,2030,3864,Effective Deposit Online,"$7.000,00",24919
28/05/2020,701,San Martin Tucuman,2030,5034,Effective Deposit Online,"$8.400,00",24230
28/05/2020,705,Calle Avellaneda Sgo Del Estero,2030,1348,Effective Deposit Online,"$4.700,00",24777
28/05/2020,68,Mendoza,2030,6382,Effective Deposit Online,"$3.700,00",24780
28/05/2020,0,Central House,4805,94220089,Immediate Transfers,"$5.219,00",24538
28/05/2020,0,Central House,4805,43830471,Immediate Transfers,"$7.881,00",24287
28/05/2020,0,Central House,4805,17557085,Immediate Transfers,"$8.100,00",24820
28/05/2020,453,Santa Rosa De Calamuchita,2030,1927,Effective Deposit Online,"$5.000,00",24842
28/05/2020,0,Central House,4805,43754870,Immediate Transfers,"$3.440,00",30963
28/05/2020,0,Central House,4805,4268,Immediate Transfers,"$3.556,00",24843
28/05/2020,69,Tucuman,1430,18408894,Ctas Mobile Banking Transfer,"$6.412,00",24777
28/05/2020,757,Av. Coronel Diaz,2030,4849,Effective Deposit Online,"$3.100,00",24646
28/05/2020,0,Central House,4805,42313453,Immediate Transfers,"$14.300,00",24543
28/05/2020,165,Salta,2030,1964,Effective Deposit Online,"$21.800,00",
28/05/2020,165,Salta,2030,4447,Effective Deposit Online,"$20.000,00",
28/05/2020,165,Salta,2030,4449,Effective Deposit Online,"$6.000,00",
28/05/2020,0,Central House,4805,33048355,Immediate Transfers,"$16.000,00",24403
28/05/2020,0,Central House,4805,716118,Immediate Transfers,"$600,00",24286
28/05/2020,0,Central House,4805,35751,Immediate Transfers,"$15.374,00",22531
28/05/2020,0,Central House,2767,17463389,Credin Credit,"$17.400,00",24545
28/05/2020,151,Santiago Del Estero,2030,2828,Effective Deposit Online,"$6.500,00",24766
28/05/2020,0,Central House,4805,2965,Immediate Transfers,"$1.845,00",23630
29/05/2020,0,Central House,4805,66477676,Immediate Transfers,"$13.455,00",24643
29/05/2020,0,Central House,4805,72201797,Immediate Transfers,"$15.000,00",24962
29/05/2020,69,Tucuman,1968,53702225,Payment To Suppliers,"$3.677,77",24838
29/05/2020,225,Tucuman - Sur,2030,4071,Effective Deposit Online,"$3.200,00",24399
29/05/2020,0,Central House,4805,9523,Immediate Transfers,"$3.258,88",24778
29/05/2020,69,Tucuman,1257,9437384,Credit Trans By Online Banking,"$21.000,00",24773
29/05/2020,59,Avellaneda,2030,1788,Effective Deposit Online,"$8.000,00",24772
29/05/2020,233,Gonnet,2030,676,Effective Deposit Online,"$10.000,00",24919
29/05/2020,69,Tucuman,1257,10154716,Credit Trans By Online Banking,"$12.764,00",24968
29/05/2020,264,Catamarca,38,3000003,Cash Deposit Suc 0264,"$7.150,00",24646
29/05/2020,0,Central House,4805,20220636,Immediate Transfers,"$5.500,00",24646
29/05/2020,0,Central House,4805,917456,Immediate Transfers,"$28.100,00",24087
29/05/2020,0,Central House,4805,56468,Immediate Transfers,"$4.740,00",23807
29/05/2020,0,Central House,4805,66522434,Immediate Transfers,"$12.917,00",24146
29/05/2020,165,Salta,2030,2734,Effective Deposit Online,"$14.000,00",24777
29/05/2020,705,Calle Avellaneda Sgo Del Estero,2030,1612,Effective Deposit Online,"$6.800,00",24779
29/05/2020,245,Salta - Tres Cerritos,2030,3252,Effective Deposit Online,"$34.500,00",24767
29/05/2020,700,Guemes Salta,2030,2020,Effective Deposit Online,"$4.600,00",23978
29/05/2020,385,El Dorado,2030,2353,Effective Deposit Online,"$35.000,00",24643
29/05/2020,69,Tucuman,1430,12243627,Ctas Mobile Banking Transfer,"$11.345,00",24841
29/05/2020,23,Plaza Vte. Lopez,2030,6535,Effective Deposit Online,"$7.200,00",24779
29/05/2020,151,Santiago Del Estero,2030,1141,Effective Deposit Online,"$6.950,00",24773
29/05/2020,0,Central House,4805,7450,Immediate Transfers,"$5.630,00",24544
29/05/2020,0,Central House,2767,82899832,Credin Credit,"$15.000,00",24773
29/05/2020,530,Ranchos,2030,173,Effective Deposit Online,"$10.600,00",24777
29/05/2020,462,Tucuman Centro,2030,2318,Effective Deposit Online,"$8.400,00",24919
29/05/2020,0,Central House,4805,3780,Immediate Transfers,"$5.400,00",24414
29/05/2020,0,Central House,4805,4443,Immediate Transfers,"$5.054,00",24763
29/05/2020,0,Central House,4805,66534,Immediate Transfers,"$12.897,00",24593
29/05/2020,0,Central House,4805,9737,Immediate Transfers,"$4.500,00",24762
29/05/2020,0,Central House,4805,61,Immediate Transfers,"$19.034,58",24772
29/05/2020,69,Tucuman,1257,18255961,Credit Trans By Online Banking,"$4.400,00",24927
29/05/2020,69,Tucuman,1257,18376816,Credit Trans By Online Banking,"$5.340,00",24436
29/05/2020,151,Santiago Del Estero,2030,3090,Effective Deposit Online,"$7.000,00",24541
29/05/2020,365,Tucuman-yerba Buena,2030,6379,Effective Deposit Online,"$7.600,00",24594
29/05/2020,501,Cruce Varela,2030,4446,Effective Deposit Online,"$7.000,00",24538
29/05/2020,0,Central House,4805,6571,Immediate Transfers,"$9.833,00",23807
29/05/2020,264,Catamarca,2030,5661,Effective Deposit Online,"$17.000,00",24819
29/05/2020,0,Central House,4805,923986,Immediate Transfers,"$4.583,00",24593
29/05/2020,165,Salta,2030,2967,Effective Deposit Online,"$4.100,00",24544
29/05/2020,0,Central House,4805,922091,Immediate Transfers,"$4.934,00",24248
29/05/2020,0,Central House,4805,48660307,Immediate Transfers,"$7.407,00",24648
29/05/2020,0,Central House,4805,38050710,Immediate Transfers,"$11.113,00",23631
29/05/2020,704,Plaza Cabral Corrientes Capital,2030,1760,Effective Deposit Online,"$3.310,00",22799
29/05/2020,69,Tucuman,1257,14385790,Credit Trans By Online Banking,"$2.000,00",24538
31/05/2020,69,Tucuman,1257,20304994,Credit Trans By Online Banking,"$8.890,00",24642
1/06/2020,0,Central House,4805,826659,Immediate Transfers,"$470,00",24236
1/06/2020,0,Central House,4805,826325,Immediate Transfers,"$30,00",24236
1/06/2020,0,Central House,4805,840158,Immediate Transfers,"$497,00",24236
1/06/2020,150,San Salvador De Jujuy,2030,5217,Effective Deposit Online,"$1.500,00",24761
1/06/2020,0,Central House,4805,92872221,Immediate Transfers,"$15.000,00",24827
1/06/2020,0,Central House,4805,70988,Immediate Transfers,"$7.610,00",24544
1/06/2020,0,Central House,4805,7447,Immediate Transfers,"$20.224,00",24838
1/06/2020,0,Central House,4805,9880,Immediate Transfers,"$21.631,00",23679
1/06/2020,165,Salta,2030,1353,Effective Deposit Online,"$2.850,00",24767
1/06/2020,245,Salta - Tres Cerritos,2030,4761,Effective Deposit Online,"$9.600,00",24767
1/06/2020,0,Central House,4805,991,Immediate Transfers,"$232,00",24950
1/06/2020,0,Central House,4805,917903,Immediate Transfers,"$6.090,00",24099
1/06/2020,69,Tucuman,1968,53820165,Payment To Suppliers,"$5.448,00",22741
1/06/2020,282,San Luis,2030,4917,Effective Deposit Online,"$9.850,00",24842
1/06/2020,0,Central House,4805,7382,Immediate Transfers,"$625,00",22273
1/06/2020,0,Central House,3002,1002338,Transfer Payments To Third Parties,"$3.589,00",24835
1/06/2020,705,Calle Avellaneda Sgo Del Estero,2030,1891,Effective Deposit Online,"$14.500,00",24544
1/06/2020,700,Guemes Salta,2030,631,Effective Deposit Online,"$2.050,00",24648
1/06/2020,0,Central House,2767,63566939,Credin Credit,"$18.500,00",24835
1/06/2020,0,Central House,4805,5731,Immediate Transfers,"$2.000,00",24374
1/06/2020,69,Tucuman,1257,14025415,Credit Trans By Online Banking,"$5.000,00",24950
1/06/2020,449,Concepcion - Tucuman,2030,6422,Effective Deposit Online,"$3.700,00",24538
1/06/2020,364,Santiago Del Estero-av. Belgrano,1938,1977,Online Deposit Banelco O/Suc 0364,"$2.500,00",24766
1/06/2020,0,Central House,4805,988196,Immediate Transfers,"$3.500,00",24437
1/06/2020,0,Central House,4805,7111875,Immediate Transfers,"$11.804,00",24950
1/06/2020,0,Central House,4805,23367406,Immediate Transfers,"$5.000,00",24778
1/06/2020,0,Central House,4805,9880,Immediate Transfers,"$21.631,00",23679
1/06/2020,165,Salta,2030,1353,Effective Deposit Online,"$2.850,00",24767
1/06/2020,245,Salta - Tres Cerritos,2030,4761,Effective Deposit Online,"$9.600,00",24767
1/06/2020,725,Las Magnolias Pilar,2030,9597,Effective Deposit Online,"$19.700,00",24777
2/06/2020,179,San Juan,2030,1470,Effective Deposit Online,"$5.800,00",24438
2/06/2020,543,Villa Gobernador Galvez,2030,2823,Effective Deposit Online,"$20.000,00",24842
2/06/2020,150,San Salvador De Jujuy,2030,595,Effective Deposit Online,"$5.700,00",24777
2/06/2020,0,Central House,4805,92321591,Immediate Transfers,"$6.680,00",24840
2/06/2020,0,Central House,4805,86578699,Immediate Transfers,"$6,00",24840
2/06/2020,246,Jesus Maria - Cordoba,2030,6501,Effective Deposit Online,"$7.440,00",22930
2/06/2020,0,Central House,4805,3210,Immediate Transfers,"$17.894,00",24842
2/06/2020,0,Central House,4805,32589360,Immediate Transfers,"$1.000,00",24972
2/06/2020,0,Central House,4805,5565,Immediate Transfers,"$4.457,00",24777
2/06/2020,0,Central House,4805,8414,Immediate Transfers,"$1.560,00",20549
2/06/2020,0,Central House,4805,8491,Immediate Transfers,"$10.276,00",24767
2/06/2020,0,Central House,4805,767011,Immediate Transfers,"$607,00",24594
2/06/2020,0,Central House,4805,4227,Immediate Transfers,"$8.483,00",24222
2/06/2020,0,Central House,4805,18283690,Immediate Transfers,"$16.078,00",24845
2/06/2020,0,Central House,4805,3080,Immediate Transfers,"$1.704,00",24437
2/06/2020,69,Tucuman,1430,21105629,Ctas Mobile Banking Transfer,"$14.767,00",24842
2/06/2020,481,Isidro Casanova,2030,4879,Effective Deposit Online,"$1.800,00",23665
2/06/2020,0,Central House,4805,43475928,Immediate Transfers,"$20.000,00",24766
2/06/2020,0,Central House,4805,80751342,Immediate Transfers,"$6.200,00",24544
2/06/2020,374,Cba- Barrio Jardin,2030,7020,Effective Deposit Online,"$10.510,00",24843
2/06/2020,0,Central House,4805,3138,Immediate Transfers,"$300,00",24951
3/06/2020,221,Pilar,2030,9486,Effective Deposit Online,"$450,00",24777
3/06/2020,0,Central House,4805,952286,Immediate Transfers,"$6.902,00",24778
3/06/2020,361,Mendoza-rodriguez Peña,2030,8490,Effective Deposit Online,"$95.000,00",24538
3/06/2020,374,Cba- Barrio Jardin,2030,7459,Effective Deposit Online,"$10.000,00",24545
3/06/2020,0,Central House,4805,4382,Immediate Transfers,"$44.600,00",24951
3/06/2020,69,Tucuman,1257,11516164,Credit Trans By Online Banking,"$4.632,00",23257
3/06/2020,365,Tucuman-yerba Buena,2030,7165,Effective Deposit Online,"$11.800,00",24835
3/06/2020,0,Central House,4805,70945433,Immediate Transfers,"$4.404,00",24414
3/06/2020,365,Tucuman-yerba Buena,2030,7558,Effective Deposit Online,"$3.300,00",24644
3/06/2020,385,El Dorado,2030,935,Effective Deposit Online,"$910,00",24088
3/06/2020,0,Central House,4805,20239601,Immediate Transfers,"$931,00",24540
3/06/2020,0,Central House,4805,77496318,Immediate Transfers - Originating,"$4.000,00",24642
3/06/2020,0,Central House,4805,73206879,Immediate Transfers,"$6.200,00",24843
3/06/2020,0,Central House,4805,959597,Immediate Transfers,"$3.114,00",24647
3/06/2020,0,Central House,4805,7516,Immediate Transfers,"$1.500,00",24286
3/06/2020,374,Cba- Barrio Jardin,2030,7771,Effective Deposit Online,"$28.500,00",24835
3/06/2020,0,Central House,4805,2594,Immediate Transfers,"$16.000,00",24764
3/06/2020,0,Central House,4805,3816,Immediate Transfers,"$20.000,00",24762