Listing title,eBay item ID,Quantity sold,Total sales (Includes taxes),Item sales,Taxes and government fees paid by buyer to eBay,Shipping and handling paid by buyer to you,Total selling costs,Insertion fees,Optional listing upgrade fees,Final value fees,Ads Standard fees,International fees,Fee credits,Shipping labels cost (Amount you paid to buy shipping labels on eBay),Net sales (Net of taxes and selling costs),Average Selling price,Quantity sold via promoted listing,Quantity sold via Best Offers,Quantity sold via Seller Initiated Offers
TANG Powder Drink Assorted flavors,254098637526,2585,"$4,962.02","$3,618.00",$241.92,"$1,102.10","$1,791.90",$0.00,$0.00,$648.75,$166.24,$2.39,$1.64,$976.16,"$2,928.20",$1.92,1445,0,0
Clight No Sugar Needed Makes 1 Liters Of Drink Mix 7g From Mexico,254088263382,1318,"$2,741.26","$2,096.16",$101.22,$543.88,$967.96,$0.00,$0.00,$361.34,$114.03,$2.63,$2.09,$492.05,"$1,672.08",$2.08,884,0,0
ZUKO Light No Sugar Needed Makes 1 Liters Of Drink Mix 15g/11gFrom Mexico,254688997194,920,"$2,182.88","$1,708.65",$107.38,$366.85,$779.33,$0.00,$0.00,$285.27,$98.94,$0.00,$0.72,$395.84,"$1,296.17",$2.37,494,0,0
ZUKO Many Flavors No Sugar Needed Makes 2 Liters Of Drink Mix 15g/11gFrom Mexico,255941163168,813,"$1,601.70","$1,276.79",$64.27,$260.64,$653.04,$0.00,$0.00,$214.37,$108.51,$5.95,$3.87,$328.08,$884.39,$1.97,613,0,0
Livean Light No Sugar Needed Makes 1Liters Of Drink Mix 7gram with Stevia,254599977688,446,$824.69,$605.29,$48.55,$170.85,$303.67,$0.00,$0.00,$113.58,$39.71,$0.74,$6.55,$156.19,$472.47,$1.85,312,0,0
3 x Whitening Deodorant Nivea Extra Clarifying Serum Classic  Aclarante Rollon,255503998262,239,"$7,587.08","$7,030.69",$556.39,$0.00,"$3,170.55",$0.00,$0.00,"$1,083.79",$322.21,$0.00,$15.30,"$1,779.85","$3,860.14",$31.75,202,0,1
Deodorant Nivea Extra Clarifying Serum- Desodorante Nivea Serum Extra Aclarante,255755018725,123,"$1,836.02","$1,707.43",$128.59,$0.00,$861.15,$0.00,$0.00,$281.79,$94.52,$0.25,$8.40,$492.99,$846.28,$14.93,95,0,0
TEATRICAL CREMA ROSAS Y LANOLINA 230gr / TEATRICAL CREAM ROSES AND LANOLIN 230gr,255828259311,101,"$1,530.20","$1,416.93",$113.27,$0.00,$721.63,$0.00,$0.00,$222.97,$93.78,$0.00,$0.00,$404.88,$695.30,$15.15,93,0,0
"2 Ting Crema 28g Ayuda A Eliminar La Sudoracion , Mal Olor , Comezon , Ardor,",255758487778,97,"$2,832.76","$2,626.81",$205.95,$0.00,$902.50,$0.00,$0.00,$413.20,$141.51,$0.00,$19.07,$366.86,"$1,724.31",$29.20,73,0,0
3xWhitening Deodorant Nivea Extra Clarifying Serum Lilac Extra Aclarante Rollon,255512669363,71,"$2,190.12","$2,025.72",$164.40,$0.00,$941.83,$0.00,$0.00,$325.33,$114.65,$0.00,$22.30,$524.15,"$1,083.89",$30.85,61,0,0
3x Whitening Deodorant Nivea Extra Clarifying Serum Fresh Natu  Aclarante Rollon,255515094861,50,"$1,537.50","$1,388.14",$112.01,$37.35,$640.43,$2.45,$0.00,$230.16,$54.66,$0.00,$17.44,$370.60,$785.06,$30.75,42,0,0
TANG 14 Sample Pack No Sugar Needed Makes 2 Liters Of Drink Mix 15g From Mexico,255451833052,49,$914.61,$820.35,$49.22,$45.04,$395.78,$0.00,$0.00,$116.54,$53.56,$0.28,$0.00,$225.40,$469.61,$18.67,42,0,0
EXTRA EGO HAIR STYLING GEL MEN STRONG BLACK 1300ml 44 OZ Product of MEXICO,255400384891,47,"$1,114.01","$1,036.09",$77.92,$0.00,$601.20,$0.00,$0.00,$166.05,$70.21,$0.41,$0.00,$364.53,$434.89,$23.70,39,0,0
4 Pack Nivea Tono Natural Roll on antitranspirante¬† Efecto Satin,256020258317,45,"$1,207.04","$1,115.77",$91.27,$0.00,$475.96,$0.00,$0.00,$173.09,$81.13,$0.43,$0.00,$221.31,$639.81,$26.82,38,0,0
TANG 20 Sample Pack No Sugar Needed Makes 2 Liters Of Drink Mix 15g From Mexico,255469912703,39,"$1,044.29",$994.31,$49.98,$0.00,$347.65,$0.00,$0.00,$133.91,$28.16,$0.00,$0.00,$185.58,$646.66,$26.78,24,0,0
Victoria's Secret Body Mist 8.4oz / Body Lotion 8oz Choose Your Scent,255826756339,38,$634.92,$588.11,$46.81,$0.00,$287.41,$0.00,$0.00,$96.84,$4.72,$0.55,$5.24,$190.54,$300.70,$16.71,9,0,0
ZUKO Flavors No Sugar Needed Makes 2 Liters Of Drink Mix 12 different pouches--,255826208266,33,$482.61,$464.21,$18.40,$0.00,$215.83,$0.00,$0.00,$66.03,$19.72,$0.00,$0.00,$130.08,$248.38,$14.62,25,0,0
ZUKO Flavors No Sugar Needed Makes 2 Liters Of Drink Mix 24 different pouches,255768069928,32,$882.51,$841.60,$40.91,$0.00,$333.26,$0.00,$0.00,$117.78,$21.99,$0.47,$4.27,$197.29,$508.34,$27.58,23,0,0
3 x Neutro Balance Spray Deodorant Palmolive,255438895025,30,$889.05,$821.08,$67.97,$0.00,$317.40,$0.00,$0.00,$125.42,$27.01,$0.00,$0.00,$164.97,$503.68,$29.64,17,0,0
Nivea Cellular Luminous 630¬∫ Anti-Pigmentation Serum/Spot Fluid SPF50~30ml,255549749289,30,"$1,412.06","$1,278.38",$100.34,$33.34,$395.50,$0.00,$0.00,$197.07,$71.86,$0.71,$9.46,$135.32,$916.22,$47.07,25,0,0
EGO ALFA Control Caida - 32oz (950ml)- Fragrancia Essential - FREE Shipping,255490536943,29,$701.40,$650.97,$50.43,$0.00,$370.17,$0.00,$0.00,$104.03,$37.78,$0.40,$5.53,$233.49,$280.80,$24.19,25,0,0
TEATRICAL CREMA LANOLINA 230gr / TEATRICAL CREAM LANOLIN 230gr,255828266257,27,$406.92,$376.50,$30.42,$0.00,$173.36,$0.00,$0.00,$59.12,$9.64,$0.00,$0.00,$104.60,$203.14,$15.07,10,0,0
Mexican Fabric By the Yard Multicolor Tela Mexicana,254639350040,25,$254.43,$237.58,$16.85,$0.00,$103.30,$1.05,$0.00,$39.96,$16.76,$0.00,$3.27,$48.80,$134.28,$10.18,22,0,0
3 x Nivea Aclarado Natural Classic Spray Deodorant 48H (89 g each),255643148876,25,$774.27,$718.26,$56.01,$0.00,$270.76,$0.00,$0.00,$118.33,$36.04,$0.00,$12.14,$128.53,$447.50,$30.97,16,0,1
DND Daisy Soak Off Gel Polish or Dip Powder Pick Your Color LED/UV,255498630434,24,$259.83,$239.00,$20.83,$0.00,$117.81,$0.00,$0.00,$40.05,$10.13,$0.00,$1.36,$68.99,$121.19,$10.83,19,0,0
TANG Powder Drink 35 pack Assorted flavors to pick,256058916363,24,$852.60,$742.80,$62.44,$47.36,$279.50,$0.00,$0.00,$106.50,$55.35,$0.00,$0.00,$117.65,$510.66,$35.53,18,0,0
Antimic√≥tico Ting polvo en aerosol para el pie de atleta y mal olor 150 g,255665022635,23,$734.58,$697.00,$37.58,$0.00,$225.20,$0.00,$0.00,$110.53,$31.03,$0.00,$7.93,$91.57,$471.80,$31.94,13,0,0
Dove Tono Uniforme Orquidia Whitening Deodorant RollOn 48h AntiPerspirant 50m,256053810561,22,$343.84,$321.40,$22.44,$0.00,$138.92,$0.00,$0.00,$50.51,$24.52,$0.00,$0.00,$63.89,$182.48,$15.63,21,0,0
DESENEX ANTIFUGAL CREAM ATHLETES FOOT 28gr,256238720829,22,$314.96,$210.60,$18.52,$85.84,$123.11,$1.05,$0.00,$46.54,$12.99,$0.00,$0.00,$62.53,$173.33,$14.32,15,0,0
TANG 27 Sample Pack No Sugar Needed Makes 2 Liters Of Drink Mix 15g From Mexico,255819982274,21,$832.92,$694.39,$45.80,$92.73,$290.79,$0.00,$0.00,$93.47,$44.09,$1.96,$0.00,$151.27,$496.33,$39.66,20,0,0
5 Pound Pack Shrimp powder/Ground/Seasoning/Camaron/Molido/en Polvo/1 lb,255942251206,21,"$1,204.22","$1,091.10",$13.33,$99.79,$396.72,$0.00,$0.00,$149.00,$78.05,$0.00,$0.00,$169.67,$794.17,$57.34,17,0,0
Garnier Mineral Action Control Deodorant Women Assorted Scents,254639421014,19,$380.80,$355.82,$24.98,$0.00,$150.80,$1.75,$0.00,$67.45,$37.60,$0.00,$17.11,$61.11,$205.02,$20.04,17,0,0
TURIN PREMIUM FILLED CHOCOLATES LIQUOR JOSE CUERVO 200G,255239853885,19,$636.17,$564.94,$28.33,$42.90,$259.11,$0.00,$0.00,$75.83,$23.46,$3.04,$0.00,$156.78,$348.73,$33.48,14,0,0
3 Packs ZEST TORONJA ALBAHACA GRAPEGRUIT BASIL BAR SOAP 90 G PRODUCT OF MEXICO,254990030448,18,$528.26,$487.82,$40.44,$0.00,$236.68,$0.00,$0.00,$74.60,$27.46,$0.00,$0.00,$134.62,$251.14,$29.35,13,0,0
2 X PALMOLIVE NEUTRO BALANCE DERMOLIMPIADOR JABON LIQUIDO CORPORAL 390ml each,255468558386,17,$437.12,$405.35,$31.77,$0.00,$192.00,$0.00,$0.00,$61.63,$25.02,$0.00,$0.00,$105.35,$213.35,$25.71,15,0,0
ZUKO Flavors No Sugar Needed Makes 2 Liters Of Drink Mix 12 different pouches,255469817155,17,$251.21,$241.24,$9.97,$0.00,$115.22,$0.00,$0.00,$35.02,$6.02,$0.00,$0.00,$74.18,$126.02,$14.78,13,0,0
8 Bar Soaps Palmolive Neutro Balance or Naturals (150g each bar)-Assorted Scents,255548085107,17,$477.87,$441.83,$36.04,$0.00,$216.85,$0.00,$0.00,$68.01,$21.62,$0.47,$0.00,$126.75,$224.98,$28.11,14,0,0
4x NIVEA FACIAL 5 en 1 Assorted 200ml,255973205430,17,$380.80,$293.67,$23.24,$63.89,$143.56,$0.00,$0.00,$55.27,$10.34,$0.00,$0.00,$77.95,$214.00,$22.40,11,0,0
50 x Clight No Sugar Needed Makes 1 Liters Of Drink Mix 7g From Mexico Assorted,255991007696,17,$735.56,$662.87,$43.69,$29.00,$189.44,$0.00,$0.00,$90.72,$20.77,$0.75,$0.00,$77.20,$502.43,$43.27,8,0,0
TAJIN DULCE CHILITOS EN POLVO PARA BOTANAS TAJIN DULCE FRUITS CANDY TOPPIN,256161969187,17,$230.70,$142.39,$0.91,$87.40,$112.08,$0.00,$0.00,$30.50,$27.67,$0.00,$0.00,$53.91,$117.71,$13.57,17,0,0
3 x Desodorante antitranspirante Palmolive Neutro Balance en roll on unisex 65 m,255439720148,16,$455.98,$421.71,$34.27,$0.00,$154.97,$0.00,$0.00,$64.43,$16.42,$0.00,$0.00,$74.12,$266.74,$28.50,9,0,0
2X REXONA EFFICIENT TALCO PARA PIES  200g/FOOT TALCUM POWDER 2 DE 200g FREE SHIP,255973373382,16,$401.96,$363.40,$38.56,$0.00,$174.29,$0.00,$0.00,$56.27,$4.18,$0.00,$0.00,$113.84,$189.11,$25.12,7,0,0
NIVEA FACIAL 5 CUIDADO NUTRITIVO Makeup Prep CREMA KARITE /NURTURING CREAM-200ml,255444869929,15,$269.52,$250.85,$18.67,$0.00,$113.03,$0.00,$0.00,$39.17,$8.00,$0.00,$0.00,$65.86,$137.82,$17.97,9,0,0
2X Crema Real Skin Care Original vitamina E + Glicerina 220g c/u,255444879992,15,$350.52,$327.38,$23.14,$0.00,$146.94,$0.00,$0.00,$49.29,$23.43,$0.00,$0.00,$74.22,$180.44,$23.37,14,0,0
"2 x 14‚Äù or 18"" Tall Metal Cone Wreath Form Floral Gardens-Limited Supply- NEW",255548115098,15,$362.72,$233.45,$22.42,$106.85,$144.08,$0.00,$0.00,$51.20,$5.90,$0.00,$0.00,$86.98,$196.22,$24.18,7,0,0
"6x 47g Paquet√© MAIZENA ATOLE Available in Chocolate, vanilla,fresas, coco",256237471323,15,$162.11,$134.77,$0.37,$26.97,$79.38,$0.00,$0.00,$22.02,$4.68,$0.00,$0.00,$52.68,$82.36,$10.81,8,0,0
TURIN PREMIUM  FILLED CHOCOLATES LIQUOR CHERRIES 200G,255239836669,14,$363.97,$352.83,$11.14,$0.00,$147.44,$0.00,$0.00,$47.32,$15.37,$0.00,$0.00,$84.75,$205.39,$26.00,11,0,0
Bottle Johnnie Walker Chocolates by Turin Chocolatier {Cont 7 Oz /180grams},255877709727,14,$379.03,$374.59,$4.44,$0.00,$140.45,$0.00,$0.00,$47.64,$7.98,$0.00,$0.00,$84.83,$234.14,$27.07,13,0,0
2 X FERMODYL BRILLO KALEIDOSCOPICO REHIDRATACION PROFUNDA FERMO DUAL 240ML,255383648812,11,$338.39,$314.89,$23.50,$0.00,$145.76,$0.00,$0.00,$52.49,$16.30,$2.04,$7.62,$82.55,$169.13,$30.76,6,0,0
2 x Neutro Balance Deodorant Palmolive,255560844988,11,$237.77,$219.89,$17.88,$0.00,$90.25,$2.45,$0.00,$34.82,$8.54,$0.00,$0.00,$44.44,$129.64,$21.62,8,0,0
Zuko Mexican Drink Mix Sweetened Drink Mix Set of 6 Pick your flavor,255599092307,11,$145.60,$138.60,$7.00,$0.00,$60.24,$0.00,$0.00,$19.77,$7.40,$0.00,$0.00,$33.07,$78.36,$13.24,9,0,0
1 X NIVEA ANTITRANSPIRANTE ACLARADO NATURAL CLASSIC TOUCH DESODORANTE - 2 de 50g,256037910097,11,$159.08,$147.34,$11.74,$0.00,$66.85,$0.00,$0.00,$23.77,$6.76,$0.00,$0.00,$36.32,$80.49,$14.46,5,0,0
VANISH OXI ACTION MULTI POWER FABRIC STAIN REMOVER,254613745673,10,$308.11,$287.92,$20.19,$0.00,$151.73,$2.10,$0.00,$46.33,$28.18,$0.00,$4.58,$79.70,$136.19,$30.81,9,0,0
TURIN PREMIUM  FILLED CHOCOLATES LIQUOR BAILEYS AVELLANA 200G,255239899139,10,$262.09,$249.82,$12.27,$0.00,$105.97,$0.00,$0.00,$38.49,$11.32,$0.57,$7.37,$62.96,$143.85,$26.21,8,0,0
"Ting Polvo 85g Ayuda A Eliminar La Sudoracion , Mal Olor , Comezon , Ardor,",255323163477,10,$226.48,$210.00,$16.48,$0.00,$66.25,$0.00,$0.00,$36.41,$3.73,$0.00,$6.09,$32.20,$143.75,$22.65,2,0,0
Sedal Hidratacion Anti Nudos KIT Shampoo+Acondicionador+Crema para peinar,255370445862,10,$288.06,$267.97,$20.09,$0.00,$130.87,$0.00,$0.00,$40.98,$6.93,$0.00,$0.00,$82.96,$137.10,$28.81,6,0,0
EGO CONTROL CASPA Gel - 32oz (950ml)- Fragrancia Essential - FREE Shipping,255481875208,10,$255.66,$240.00,$15.66,$0.00,$114.11,$0.00,$0.00,$36.14,$6.13,$0.00,$0.00,$71.84,$125.89,$25.57,8,0,0
8 x Palmolive Neutro Balance Pro Cuidado Antibacterial- Moisturizing Bar Soap,255482549778,10,$276.90,$256.26,$20.64,$0.00,$122.13,$0.00,$0.00,$39.14,$16.49,$0.00,$0.00,$66.50,$134.13,$27.69,9,0,0
Crema de noche Nivea Luminous 630¬∞cellular anti-manchas 50 ml,255562436717,10,$462.67,$426.98,$35.69,$0.00,$117.81,$2.80,$0.00,$63.99,$8.10,$0.00,$0.00,$42.92,$309.17,$46.27,7,0,0
2X Oro 24 Kilates Caf√© Microesferas Instant Coffee w/Microspheres 160g each,256233958319,10,$345.21,$345.21,$0.00,$0.00,$139.38,$0.00,$0.00,$43.25,$17.69,$0.00,$0.00,$78.44,$205.83,$34.52,8,0,1
8 x Palmolive Naturals -Sensacion Humectante- Moisturizing Bar Soap w Olive Oil,255217443854,9,$249.48,$233.91,$15.57,$0.00,$164.76,$0.00,$48.00,$35.77,$11.12,$0.00,$0.00,$69.87,$69.15,$27.72,5,0,0
BARRACUDA ORIGINAL Hair Gel Strengthener for Authentic MEN MEXICO ASSORTED,255228315839,9,$194.11,$185.41,$8.70,$0.00,$85.88,$0.00,$0.00,$28.04,$9.62,$0.45,$0.00,$47.77,$99.53,$21.57,7,0,0
EGO ATTRACTION Gel - 32oz (950ml)- Fragrancia Essential - FREE Shipping,255468551273,9,$197.27,$184.00,$13.27,$0.00,$108.81,$0.00,$0.00,$31.86,$5.95,$0.00,$3.70,$74.70,$75.19,$21.92,5,0,0
3 x Nivea Aclarado Natural Classic Touch Spray Deodorant 48H (89 g each),255505409122,9,$239.67,$220.56,$19.11,$0.00,$102.96,$0.00,$0.00,$42.36,$14.45,$0.00,$10.92,$57.07,$117.60,$26.63,6,0,0
Nivea Cellular Luminous 630¬∫ Anti-Pigmentation/Spot Fluid SPF50~40ml,255562408426,9,$390.05,$358.69,$31.36,$0.00,$100.31,$2.45,$0.00,$53.95,$8.87,$0.00,$0.00,$35.04,$258.38,$43.34,7,0,0
Cafe Legal Mexican Ground Coffee Cafe Tostado Mexicano De Grano Molido Set of 2,255949538368,9,$207.60,$204.50,$3.10,$0.00,$96.12,$0.00,$0.00,$27.36,$6.66,$0.00,$0.00,$62.10,$108.38,$23.07,8,0,0
Rexona Efficient (200 G),256005036788,9,$134.31,$124.27,$10.04,$0.00,$68.11,$0.00,$0.00,$20.21,$5.63,$0.00,$0.00,$42.27,$56.16,$14.92,4,0,0
5 PACK NIVEA ROLL ON ANTIPERSPIRANT 1.69 OZ EA ACLARADO NATURAL EFECTO SATIN,256017059014,9,$268.54,$243.80,$24.74,$0.00,$81.72,$0.00,$0.00,$37.07,$8.04,$0.00,$0.00,$36.61,$162.08,$29.84,4,0,0
Portector solar L'Or√©al UV Defender antifotoenvejecimiento invisible FPS 50+,256048456893,9,$442.58,$387.00,$32.18,$23.40,$119.43,$0.00,$0.00,$61.32,$26.39,$0.00,$0.00,$31.72,$290.97,$49.18,7,0,0
3 x Dove Tono Uniforme Whitening Deodorant Barra 48h AntiPerspirant 45g,256049500790,9,$270.60,$251.91,$18.69,$0.00,$98.63,$0.00,$0.00,$38.54,$18.05,$0.00,$0.00,$42.04,$153.28,$30.07,8,0,0
Authentic Mexican Michelada~MICHEMIX EspecialMix For Beer 8.11oz(240ml)4Bottles,254926741079,8,$204.35,$197.92,$6.43,$0.00,$95.27,$0.00,$0.00,$26.75,$3.82,$0.40,$0.00,$64.30,$102.65,$25.54,4,0,0
4X MAFER CACAHUATE JAPONES CON LIMON / JAPANESE PEANUTS WITH LIME -4 DE 170g c/u,255973407492,8,$281.87,$281.87,$0.00,$0.00,$120.89,$0.00,$0.00,$35.12,$19.11,$0.00,$0.00,$66.66,$160.98,$35.23,8,0,0
4x Dove Tono Uniforme Orquidia Whitening Deodorant RollOn 48h AntiPerspirant 50m,256049483787,8,$253.79,$235.92,$17.87,$0.00,$98.17,$0.00,$0.00,$36.02,$19.93,$0.00,$0.00,$42.22,$137.75,$31.72,7,0,0
2 X Crema corporal Real Skin Care Suavidad Nutritiva para piel delicada 220 g,255395464566,7,$168.27,$155.40,$12.87,$0.00,$97.03,$0.00,$0.00,$24.23,$6.07,$0.00,$0.00,$66.73,$58.37,$24.04,5,0,0
EGO MAGNETIC Gel - 32oz (950ml)- Fragrancia Essential - FREE Shipping,255910453011,7,$174.80,$161.00,$13.80,$0.00,$91.37,$0.00,$0.00,$25.26,$8.01,$0.00,$0.00,$58.10,$69.63,$24.97,6,0,0
Portector solar L'Or√©al UV Defender antifotoenvejecimiento con color claro FPS 5,255985676858,7,$327.30,$310.00,$17.30,$0.00,$95.85,$0.00,$0.00,$45.48,$21.99,$0.00,$0.00,$28.38,$214.15,$46.76,6,0,0
5 PACK NIVEA ROLL ON ANTIPERSPIRANT 1.69 OZ EA ACLARADO NATURAL CLASSIC TOUCH,256017056152,7,$222.04,$202.93,$19.11,$0.00,$87.80,$0.00,$0.00,$31.51,$10.44,$0.00,$0.00,$45.85,$115.13,$31.72,4,0,0
Cafe Legal Mexican Ground Coffee Tostado Mexicano De Grano Molido 200gs Set of 2,256053767102,7,$133.69,$132.93,$0.76,$0.00,$70.23,$0.00,$0.00,$18.02,$7.27,$0.00,$0.00,$44.94,$62.70,$19.10,6,0,0
4 x Sedal Hidratacion Anti Nudos Crema para peinar,256069583720,7,$191.28,$184.99,$6.29,$0.00,$90.73,$0.00,$0.00,$27.14,$11.39,$0.00,$0.00,$52.20,$94.26,$27.33,5,0,0
Vanish Gold Super Stain Remover Bar w Enzyme~68gPowerful Stain Removal~3pk pink,254929277063,6,$100.58,$92.94,$7.64,$0.00,$45.88,$0.00,$0.00,$15.07,$4.02,$0.00,$0.00,$26.79,$47.06,$16.76,6,0,0
Caf√© Gila Espresso Tostado yMolido 400 g/Coffee Gila Roasted and ground Espresso,255141363000,6,$153.94,$153.94,$0.00,$0.00,$64.66,$0.00,$0.00,$20.16,$6.72,$0.00,$0.00,$37.78,$89.28,$25.66,6,0,0
Dawn Platinum Powerwash Dish Spray Refills Fresh Scent 16 fl oz PACK OF 2,255370479592,6,$115.16,$107.78,$7.38,$0.00,$59.39,$0.00,$0.00,$19.38,$3.69,$0.00,$2.99,$39.31,$48.39,$19.19,4,0,0
Livean Drink Mix~Tangerine Flavor Sweetened w/ STEVIA~7g ea. Get 14 pk's,255391601214,6,$86.22,$79.98,$6.24,$0.00,$26.47,$0.00,$0.00,$15.43,$5.94,$0.00,$6.08,$11.18,$53.51,$14.37,6,0,0
EGo HAIR GEL MEN STRONG BLACK 950ml PRODUCT OF MEXICO,255407750539,6,$142.72,$137.00,$5.72,$0.00,$83.03,$0.00,$0.00,$20.55,$6.58,$0.40,$0.00,$55.50,$53.97,$23.79,5,0,0
"Garnier Serum  Fructis stop caida, prevent hair loss 30 ml new",255758514846,6,$189.76,$157.86,$8.90,$23.00,$53.44,$0.00,$0.00,$26.39,$5.73,$0.00,$0.00,$21.32,$127.42,$31.63,3,0,0
2 X PALMOLIVE NEUTRO CREMA CORPORAL ASSORTED 400ml each,255973283372,6,$165.70,$153.92,$11.78,$0.00,$71.34,$0.00,$0.00,$23.46,$4.12,$0.00,$0.00,$43.76,$82.58,$27.62,5,0,0
Nivea Doble corrector Luminous fluido con colorantimanchas FP20 40 ml,256221959891,6,$281.32,$263.94,$17.38,$0.00,$87.05,$0.00,$0.00,$39.08,$14.07,$0.00,$0.00,$33.90,$176.89,$46.89,6,0,0
Super Mario LEGO 71386 Character Pack Series 2 Pick n Choose Your Favorites 2021,254832481835,5,$72.47,$67.22,$5.25,$0.00,$27.76,$0.00,$0.00,$10.46,$5.84,$0.00,$0.00,$11.46,$39.46,$14.49,5,0,0
SEDAL Crema Para Peinar Hair Comb Cream or Shampoo/Conditioner(Assorted scents),254881439113,5,$103.22,$95.95,$7.27,$0.00,$48.06,$0.00,$0.00,$15.17,$2.89,$0.00,$0.00,$30.00,$47.89,$20.64,3,0,0
GARNIER FRUCTIS AGUACATE HAIR FOOD  1 SHAMPOO y 1ACONDICIONADOR  ENVIO PRIORIDAD,254946083326,5,$134.91,$124.95,$9.96,$0.00,$64.16,$0.00,$0.00,$23.28,$8.92,$0.00,$6.34,$38.30,$60.79,$26.98,4,0,0
"Spineless Prickly Pear Cactus ""Cacanapa Ellisiana"" - ONE PAD WINTER HARDY",254985396548,5,$109.94,$89.95,$7.01,$12.98,$37.67,$0.00,$0.00,$13.71,$4.27,$0.00,$0.00,$19.69,$65.26,$21.99,4,0,0
3 X Pond's Crema S Piel Suave y Tersa Nutrivia 14oz /400 g (Brand New),255008126566,5,$160.49,$150.59,$9.90,$0.00,$58.69,$0.00,$0.00,$22.16,$0.98,$0.00,$0.00,$35.55,$91.90,$32.10,1,0,0
3 x Nivea Black & White Invisible Spray Deodorant 48H (89 g each),255056466855,5,$139.73,$129.95,$9.78,$0.00,$55.98,$0.00,$0.00,$20.01,$2.77,$0.00,$0.00,$33.20,$73.97,$27.95,3,0,0
TURIN PREMIUM  FILLED CHOCOLATES LIQUOR CARAJILLO180G,255239877746,5,$124.44,$121.89,$2.55,$0.00,$54.32,$0.00,$0.00,$16.34,$5.64,$0.00,$0.00,$32.34,$67.57,$24.89,5,0,0
TURIN PREMIUM  FILLED CHOCOLATES LIQUOR BAILEYS ORIGINAL 200G,255239910420,5,$127.93,$120.66,$7.27,$0.00,$47.22,$0.00,$0.00,$16.16,$6.99,$0.00,$0.00,$24.07,$73.44,$25.59,5,0,0
8 x Palmolive Naturals -Suavidad Exfoliante- Moisturizing Bar Soap,255370444389,5,$139.66,$129.95,$9.71,$0.00,$112.52,$0.00,$48.00,$19.81,$3.91,$0.00,$0.00,$40.80,$17.43,$27.93,4,0,0
3 PK SAVILE SHAMPOO Menta y Eucalipto 730ml,255408866408,5,$163.88,$151.96,$11.92,$0.00,$99.18,$0.00,$0.00,$27.99,$10.15,$0.00,$8.01,$69.05,$52.78,$32.78,4,0,0
3 X PALMOLIVE SENSACION HUMECTANTE JABON LIQUIDO CORPORAL 390ml/13.2 fl each,255439761903,5,$140.30,$129.95,$10.35,$0.00,$63.88,$0.00,$0.00,$20.00,$5.58,$0.00,$0.00,$38.30,$66.07,$28.06,4,0,0
2 x Neutro Balance Men Spray Deodorant Palmolive,255444866189,5,$87.33,$80.00,$7.33,$0.00,$34.28,$0.00,$0.00,$15.80,$4.35,$0.00,$4.27,$18.40,$45.72,$17.47,4,0,0
3 x Nivea Black & White Invisible Effecto Satin Spray Deodorant 48H (89 g each),255468563413,5,$147.43,$135.95,$11.48,$0.00,$59.19,$0.00,$0.00,$20.84,$5.11,$0.00,$0.00,$33.24,$76.76,$29.49,3,0,0
"Ting Polvo 160g Ayuda A Eliminar La Sudoracion , Mal Olor , Comezon , Ardor,",255747337386,5,$120.68,$112.00,$8.68,$0.00,$44.63,$0.00,$0.00,$21.55,$4.54,$0.00,$4.98,$23.52,$67.37,$24.14,5,0,0
2 TING Powder Talcum Antifungal Athletes Foot Pie De Atleta Antiseptic 160g Mex,255781804086,5,$219.48,$206.54,$12.94,$0.00,$67.23,$0.00,$0.00,$41.52,$2.65,$0.00,$11.84,$34.90,$139.31,$43.90,3,0,0
5 Bags Peruvian Beans - Frijol Peruano - 9.92 LBS Mexican Yellow Beans,255907466027,5,$189.61,$161.65,$0.00,$27.96,$81.15,$0.00,$0.00,$23.82,$3.90,$0.00,$0.00,$53.43,$108.46,$37.92,2,0,0
Antitranspirante Dove tono uniforme en aerosol cal√©ndula/vitamina E (spray),256053791137,5,$98.15,$91.45,$6.70,$0.00,$39.79,$0.00,$0.00,$14.21,$4.68,$0.59,$0.00,$20.31,$51.66,$19.63,4,0,0
Dove Tono Uniforme Rosas Whitening Deodorant RollOn 48h AntiPerspirant 50m,256053809079,5,$79.58,$74.75,$4.83,$0.00,$37.38,$0.00,$0.00,$11.89,$7.17,$0.00,$0.00,$18.32,$37.37,$15.92,5,0,0
"2  x Nescafe Dolca, Instant Coffee 2 pack/10.5 Oz ea",256066108762,5,$170.69,$149.73,$0.00,$20.96,$80.73,$0.00,$0.00,$26.14,$15.48,$0.00,$7.47,$46.58,$89.96,$34.14,4,0,1
Grisi Jabon Del Perro Consentido Available in Bar Soap or Shampoo,256133460311,5,$133.36,$99.95,$8.46,$24.95,$66.80,$0.00,$0.00,$19.18,$9.62,$0.00,$0.00,$38.00,$58.10,$26.67,4,0,0
2x CREMA PARA PEINAR ARGAN KERASHINE BRILLO ANTI FRIZZ/ UV PROTECTION 100ml each,255032401445,4,$85.91,$81.96,$3.95,$0.00,$35.48,$0.00,$0.00,$12.45,$2.84,$0.00,$0.00,$20.19,$46.48,$21.48,3,0,0
HAIR TREATMENT FERMODYL ENERGIA HUMECTANTE,255058747252,4,$66.87,$61.56,$5.31,$0.00,$26.79,$0.00,$0.00,$9.70,$3.41,$0.00,$0.00,$13.68,$34.77,$16.72,4,0,1
1x Teatrical Mother Cells Hydrating Moisturizer CELULAS MADRE HUMECTANTE. 100g,255104821860,4,$62.28,$53.36,$8.92,$0.00,$29.98,$0.00,$0.00,$8.37,$1.99,$0.00,$0.00,$19.62,$23.38,$15.57,3,0,0
"Caf√© Gila Regiones Chiapas, GROUND COFFEE CAFE MOLIDO con ANTIOXIDANTES 380 G",255112308860,4,$99.96,$99.96,$0.00,$0.00,$41.55,$0.00,$0.00,$13.04,$3.00,$0.00,$0.00,$25.51,$58.41,$24.99,4,0,0
3 xDesodorante Palmolive Neutro Balance 0% zero en roll on unisex 50 g,255439736454,4,$108.18,$101.98,$6.20,$0.00,$43.35,$0.00,$0.00,$15.36,$4.43,$0.40,$0.00,$23.16,$58.63,$27.05,4,0,0
3 x Neutro Balance Zero Spray Deodorant Palmolive,255444884086,4,$116.03,$107.96,$8.07,$0.00,$39.23,$0.00,$0.00,$16.17,$4.53,$0.00,$0.00,$18.53,$68.73,$29.01,4,0,0
2X  Crema corporal Real Skin Care Cuidado Humectante para piel extra seca 220 g,255536543283,4,$91.15,$83.97,$7.18,$0.00,$38.55,$0.00,$0.00,$12.97,$3.18,$0.00,$0.00,$22.40,$45.42,$22.79,4,0,0
8 x Palmolive Naturals -Humectacion Refrescante - Moisturizing Bar Soap,255536543882,4,$114.48,$106.96,$7.52,$0.00,$98.00,$0.00,$48.00,$15.98,$4.12,$0.00,$0.00,$29.90,$8.96,$28.62,4,0,0
"2x Ting Polvo 160g Ayuda A Eliminar La Sudoracion , Mal Olor , Comezon , Ardor,",255747343200,4,$192.44,$179.80,$12.64,$0.00,$62.86,$0.00,$0.00,$26.69,$9.62,$0.00,$0.00,$26.55,$116.94,$48.11,4,0,0
"3Pack Gel Savil√©,m√°xima Fijaci√≥n,sin Residuos,0% Alcohol 8.82 Oz(250mL)",255768747406,4,$83.95,$78.00,$5.95,$0.00,$54.50,$0.00,$0.00,$18.85,$2.64,$0.00,$7.79,$40.80,$23.50,$20.99,4,0,0
ADES - JUGO DE SOJA ASSORTED 200 ML X 12 U/ SOYBEAN JUICE ASSORTED,255848865543,4,$184.16,$135.96,$12.24,$35.96,$55.73,$0.00,$0.00,$23.16,$1.85,$0.00,$0.00,$30.72,$116.19,$46.04,2,0,0
Nescaf√© Reserva Mexicana Xiapan Instant Coffee Caf√© soluble 180 g,255907392588,4,$138.71,$96.80,$3.97,$37.94,$61.45,$0.00,$0.00,$17.62,$9.60,$0.00,$0.00,$34.23,$73.29,$34.68,4,0,0
Nescaf√© Reserva Mexicana Verarica Instant Coffee Caf√© soluble 180 g,255983314212,4,$108.78,$89.80,$0.00,$18.98,$39.19,$0.00,$0.00,$13.58,$2.72,$0.00,$0.00,$22.89,$69.59,$27.20,2,0,0
2X NIVEA ANTITRANSPIRANTE ACLARADO NATURAL CLASSIC TOUCH DESODORANTE - 2 de 50g,256037909804,4,$85.33,$79.42,$5.91,$0.00,$34.94,$0.00,$0.00,$12.20,$7.68,$0.00,$0.00,$15.06,$44.48,$21.33,4,0,0
Persil ALTA HYGIENE Powder Laundry Detergent Antibacteria 4.5kg Henkel,256039012487,4,$182.83,$139.96,$16.87,$26.00,$86.29,$0.00,$0.00,$24.44,$8.95,$0.00,$0.00,$52.90,$79.67,$45.71,4,0,0
2 x HIGHLIGHTER PALETTE SLEEK MAKEUP SOLSTICE,256046247691,4,$69.15,$51.96,$6.89,$10.30,$28.82,$0.00,$0.00,$9.91,$2.03,$0.00,$0.00,$16.88,$33.44,$17.29,2,0,0
Head & Shoulders CREMA PARA PEINAR Hidratacion Aceite d Coco  300ml Styling,256143039317,4,$90.24,$84.00,$6.24,$0.00,$44.64,$0.00,$0.00,$13.16,$8.13,$0.00,$0.00,$23.35,$39.36,$22.56,4,0,0
2 X PANTENE PRO V RIZOS DEFINIDO CREMA /CURLY HAIR CREAM,256231738773,4,$108.85,$100.73,$8.12,$0.00,$56.47,$0.00,$0.00,$15.62,$10.45,$0.00,$0.00,$30.40,$44.26,$27.21,4,0,1
ARBOL VERDE  ANTICAIDA SHAMPOO  NATURAL  / REDUCES HAIR LOSS,256250500721,4,$78.18,$72.80,$5.38,$0.00,$44.26,$0.00,$0.00,$11.56,$2.70,$0.00,$0.00,$30.00,$28.54,$19.55,2,0,1
Item ID 256258020510,256258020510,4,$96.57,$73.80,$6.81,$15.96,$58.39,$0.00,$0.00,$13.99,$11.20,$0.00,$0.00,$33.20,$31.37,$24.14,4,0,0
Stefano Spray Deodorant Aerosol -Assorted Scents---159ml spay or 59g bar,254817491972,3,$48.90,$45.75,$3.15,$0.00,$21.84,$0.00,$0.00,$7.37,$1.52,$0.00,$0.00,$12.95,$23.91,$16.30,2,0,0
Gelatina McCornmick Fruit Gelatina Mexico Assorted Flavors,254830514812,3,$17.28,$17.28,$0.00,$0.00,$7.19,$0.00,$0.00,$2.31,$0.90,$0.00,$0.00,$3.98,$10.09,$5.76,3,0,0
HAIR TREATMENT FERMODYL REESTRUCTURACION INTENSIVA,255058766240,3,$52.46,$50.97,$1.49,$0.00,$15.41,$0.00,$0.00,$7.85,$2.68,$0.00,$0.00,$4.88,$35.56,$17.49,3,0,0
Mexican Coffee Cafe Mis Raices VeHav  Cafe Mexicano -454G Cafe Molido CHIAPAS,255151009583,3,$87.03,$77.97,$1.56,$7.50,$35.14,$0.00,$0.00,$11.19,$2.68,$0.00,$0.00,$21.27,$50.33,$29.01,1,0,0
Sugar Skull-Day of the Dead Dia de Los Muertos fabric Pink by the Yard,255173150169,3,$39.84,$37.41,$2.43,$0.00,$16.67,$0.00,$0.00,$5.58,$3.19,$0.00,$0.00,$7.90,$20.74,$13.28,3,0,0
2xGARNIER FRUCTIS HAIR FOOD AGUACATE CABELLO SECO 7 DRY HAIR 350ml -ENVIO GRATIS,255217496396,3,$60.82,$56.98,$3.84,$0.00,$35.69,$0.00,$0.00,$17.50,$5.60,$0.00,$10.91,$23.50,$21.29,$20.27,3,0,0
Sugar Skull-Day of the Dead Dia de Los Muertos fabric White by the Yard,255217627122,3,$42.28,$38.97,$3.31,$0.00,$14.71,$0.00,$0.00,$6.20,$2.29,$0.00,$0.00,$6.22,$24.26,$14.09,3,0,0
4 PK PALMOLIVE CAPRICE ESPECIALIDADES BIOTINA BIOTINE SHAMPOO 1L,255228207460,3,$102.79,$95.25,$7.54,$0.00,$52.49,$0.00,$0.00,$14.53,$2.07,$0.00,$0.00,$35.89,$42.76,$34.26,2,0,0
3 PK SAVILE SHAMPOO Almendras y Vitamina E Nutricion 730ml,255408881100,3,$101.58,$92.97,$8.61,$0.00,$60.98,$0.00,$0.00,$19.34,$0.00,$0.00,$4.68,$46.32,$31.99,$33.86,0,0,0
4x NIVEA FACIAL 5CUIDADO ACLARADO NATURAL CREMA NURTURING CLEANSING CREAM 200ml,255458031848,3,$153.03,$143.97,$9.06,$0.00,$48.35,$0.00,$0.00,$21.18,$3.07,$0.00,$0.00,$24.10,$95.62,$51.01,2,0,0
ZUKO Flavors No Sugar Needed (Sweetened with Aspartame) Zuko 29 and 5 Zuko Light,255636402290,3,$114.36,$107.97,$6.39,$0.00,$37.05,$0.00,$0.00,$14.39,$3.31,$0.00,$0.00,$19.35,$70.92,$38.12,3,0,0
5 x NIVEA MEN ANTI-PERSPIRANT DEODORANT ASSORTED SCENTS,255755081815,3,$78.29,$74.97,$3.32,$0.00,$32.16,$0.00,$0.00,$11.18,$1.06,$0.00,$0.00,$19.92,$42.81,$26.10,2,0,0
FERMODYL REHIDRATACION PROFUNDA Cont. 6 applications,255781800826,3,$59.05,$54.97,$4.08,$0.00,$24.69,$0.00,$0.00,$11.45,$2.76,$0.00,$3.08,$13.56,$30.28,$19.68,3,0,0
Victoria Secret VERY SEXY Perfume EDP 1.7oz/50mL - NEW IN BOX,255877664515,3,$156.73,$144.79,$11.94,$0.00,$35.89,$0.00,$0.00,$21.36,$0.00,$0.00,$0.00,$14.53,$108.90,$52.24,0,0,0
Caf√© molido Legal tostado mezclado con az√∫car a la canela 200 g Set of 2,255957899776,3,$46.51,$45.00,$1.51,$0.00,$24.78,$0.00,$0.00,$9.13,$2.21,$0.00,$3.61,$17.05,$20.22,$15.50,3,0,0
Naturella Camomile Pads - Naturella manzanilla toallas con alas,255991214681,3,$148.20,$122.55,$0.00,$25.65,$45.22,$0.00,$0.00,$19.94,$11.86,$0.00,$0.00,$13.42,$102.98,$49.40,3,0,0
ZEST AGUA DE COCO & AGAVE BAR SOAP 90 G PRODUCT OF MEXICO 5 PACK,255991219230,3,$43.88,$26.30,$2.61,$14.97,$31.77,$0.00,$0.00,$6.71,$2.26,$0.00,$0.00,$22.80,$9.50,$14.63,3,0,0
5 X NIVEA MEN SILVER DEODORANT SPRAY 150ml / 48h SILVER PROTECT SECA R√ÅPIDO,256237478216,3,$127.41,$114.54,$7.87,$5.00,$40.58,$0.35,$0.00,$17.48,$7.65,$0.00,$0.00,$15.10,$78.96,$42.47,3,0,0
6 X  MAIZENA ATOLE DE NUEZ 47g,256312089579,3,$31.19,$27.87,$0.00,$3.32,$14.43,$0.00,$0.00,$4.02,$2.81,$0.00,$0.00,$7.60,$16.76,$10.40,3,0,0
6 X  MAIZENA ATOLE DE COCO 47g,256327970861,3,$34.89,$28.97,$0.00,$5.92,$20.38,$0.00,$0.00,$4.76,$3.14,$0.00,$0.00,$12.48,$14.51,$11.63,3,0,0
2x Rexona Men Motion sense Power Deodorant Antiperspirant Spray  150ml Assorted,254689058127,2,$42.58,$39.89,$2.69,$0.00,$18.56,$0.00,$0.00,$6.17,$2.05,$0.00,$0.00,$10.34,$21.33,$21.29,2,0,0
GARNIER FRUCTIS ALOE  HAIR FOOD  1 SHAMPOO y 1 ACONDICIONADOR - ENVIO PRIORIDAD,254922819787,2,$49.26,$45.98,$3.28,$0.00,$25.98,$2.45,$0.00,$7.13,$1.97,$0.00,$0.00,$14.43,$20.00,$24.63,2,0,0
3x Nivea Deodorant Nivea Black and White Invisible 48h Roll,255056493761,2,$45.53,$41.98,$3.55,$0.00,$23.89,$0.00,$0.00,$6.56,$1.83,$0.00,$0.00,$15.50,$18.09,$22.77,2,0,0
HAIR TREATMENT FERMODYL RESTAURACION (RESTORATION),255058789839,2,$35.10,$31.98,$3.12,$0.00,$11.78,$0.00,$0.00,$4.95,$1.79,$0.00,$0.00,$5.04,$20.20,$17.55,2,0,0
"2 x  Elf Hat, ice cream Decoration Wreath Wire Frame Form Size 22‚ÄùH X 21‚ÄùW-NEW",255084219188,2,$42.04,$29.42,$2.38,$10.24,$19.75,$0.00,$0.00,$5.87,$0.00,$0.00,$0.00,$13.88,$19.91,$21.02,0,0,0
Garnier Obao Antiperspirant Deodorant Roll On Assorted Scents,255084287324,2,$14.32,$13.38,$0.94,$0.00,$11.65,$0.00,$0.00,$4.37,$0.52,$0.00,$2.22,$8.98,$1.73,$7.16,1,0,0
GARNIER FRUCTIS Banana HAIR FOOD  1 SHAMPOO y 1 ACONDICIONADOR - ENVIO PRIORIDAD,255228234115,2,$54.86,$50.98,$3.88,$0.00,$24.28,$0.00,$0.00,$11.77,$1.62,$0.00,$3.91,$14.80,$26.70,$27.43,1,0,0
2 X PALMOLIVE NEUTRO BALANCE DERMO PURIFICANTE JABON LIQUIDO CORPORAL 390ml each,255392963401,2,$50.36,$47.98,$2.38,$0.00,$31.81,$0.00,$0.00,$7.27,$1.71,$0.00,$0.00,$22.83,$16.17,$25.18,2,0,0
EGO FORCE Gel - 32oz (950ml)- Fragrancia Essential - FREE Shipping,255438247986,2,$51.32,$47.00,$4.32,$0.00,$24.66,$0.00,$0.00,$7.22,$1.54,$0.00,$0.00,$15.90,$22.34,$25.66,2,0,0
Hello Kitty Bolsa De Playa Pink Rosa 90 Saba Feminine Largo Protectores Diarios,255527853160,2,$62.20,$53.80,$0.00,$8.40,$31.98,$0.00,$0.00,$8.73,$1.65,$0.00,$0.00,$21.60,$30.22,$31.10,1,0,0
Brand New -Sanrio Hello Kitty Family Bakery Pancake Pan / Missing Tag brand new,255560669139,2,$68.26,$62.98,$5.28,$0.00,$21.68,$0.70,$0.00,$9.52,$2.87,$0.00,$0.00,$8.59,$41.30,$34.13,1,0,0
3 x Nivea Aclarado Natural Lilac Spray Deodorant 48H (89 g each),255634923749,2,$62.22,$57.98,$4.24,$0.00,$20.77,$0.00,$0.00,$17.69,$1.17,$0.00,$8.65,$10.56,$37.21,$31.11,1,0,0
"8 x ATRIX MOISTURIZING CREAM- CREMA PROTECCION INTENSIVA, ALOE- 200gr",255907441703,2,$160.96,$134.24,$9.72,$17.00,$49.94,$0.00,$0.00,$21.93,$11.63,$0.00,$0.00,$16.38,$101.30,$80.48,2,0,0
4 x Nivea Proteccion & Cuidado Proteccion 48h 0% alcohol,255963409655,2,$64.82,$59.98,$4.84,$0.00,$24.95,$0.00,$0.00,$9.19,$0.96,$0.00,$0.00,$14.80,$35.03,$32.41,1,0,0
8 packs of Bar Soaps Palmolive Neutro Balance (32 bars in total),255964137168,2,$0.00,$0.00,$0.00,$0.00,$26.98,$0.00,$0.00,$21.96,$0.00,$0.00,$21.66,$26.68,-$26.98,$0.00,0,0,0
Naturella Sanitary Pads Just Naurals 100% Organic 16 pk,255991210936,2,$45.65,$29.00,$0.00,$16.65,$18.90,$0.00,$0.00,$6.64,$2.05,$0.00,$0.00,$10.21,$26.75,$22.83,1,0,0
ZEST PEPINO & SABILA (CUCUMBER AND ALOE) BAR SOAP 90 G PRODUCT OF MEXICO 5 PACK,255991221067,2,$27.69,$18.60,$2.11,$6.98,$13.66,$0.00,$0.00,$3.97,$2.49,$0.00,$0.00,$7.20,$11.92,$13.85,2,0,0
"Ariel RevitaColor Laundry Detergent Powder, 750g (Pack of 3)",256044069266,2,$26.36,$24.99,$1.37,$0.00,$27.93,$0.00,$0.00,$7.84,$3.89,$0.00,$0.00,$16.20,-$2.94,$13.18,2,0,0
4 x Dove Tono Uniforme Rosas Whitening Deodorant RollOn 48h AntiPerspirant 50m,256049478811,2,$60.35,$55.98,$4.37,$0.00,$21.84,$0.00,$0.00,$8.60,$2.74,$0.00,$0.00,$10.50,$34.14,$30.18,1,0,0
3 x Persil Universal Powder Laundry Detergent Accion Profunda 800 g Henkel,256049493867,2,$60.25,$55.98,$4.27,$0.00,$29.80,$0.00,$0.00,$8.58,$5.42,$0.00,$0.00,$15.80,$26.18,$30.13,2,0,0
2 x Nivea Intimo Cuidado Suave Intimate Wash Lotion 250 ml / 8.3 fl oz,256051167933,2,$56.98,$56.98,$0.00,$0.00,$15.75,$0.00,$0.00,$7.85,$0.00,$0.00,$0.00,$7.90,$41.23,$28.49,0,0,0
4 x OBAO Garnier Men Roll-on Deodorant Stain Resistant Anti-manchas Intense 65g,256076070059,2,$60.67,$55.98,$4.69,$0.00,$23.92,$0.00,$0.00,$8.64,$2.77,$0.00,$0.00,$12.51,$32.06,$30.34,1,0,0
4 X TAJIN DULCE CHILITOS EN POLVO PARA BOTANAS TAJIN DULCE FRUITS CANDY TOPPIN,256168712548,2,$77.98,$64.00,$0.00,$13.98,$33.66,$0.00,$0.00,$9.90,$9.36,$0.00,$0.00,$14.40,$44.32,$38.99,2,0,0
NIVEA Serum Luminous 630 Anti Manchas Tratamiento Avanzado Anti imperfecciones 3,256221982748,2,$92.53,$85.78,$6.75,$0.00,$27.85,$0.00,$0.00,$12.86,$6.48,$0.00,$0.00,$8.51,$57.93,$46.27,2,0,1
8 X MAIZENA ATOLE 8 SABORES DIFERENTES CORN STARCH BEVERANGE,256317625005,2,$37.79,$29.98,$2.51,$5.30,$20.43,$0.00,$0.00,$5.11,$3.03,$0.00,$0.00,$12.29,$14.85,$18.90,2,0,0
2 x Gamesa Maria Doradas  Cookies/Galletas(hojaldradas),256327984232,2,$30.77,$21.28,$0.00,$9.49,$15.20,$0.00,$0.00,$3.97,$3.38,$0.00,$0.00,$7.85,$15.57,$15.39,2,0,0
D‚Äôgari Artistic Gelatin Dessert Crystal Clear Gelatina Art√≠stica Assorted flavor,254638363449,1,$8.50,$8.50,$0.00,$0.00,$6.10,$0.00,$0.00,$1.29,$0.26,$0.00,$0.00,$4.55,$2.40,$8.50,1,0,0
Garnier Obao Antiperspirant Deodorant Roll on/Spray,254649112749,1,$14.03,$13.24,$0.79,$0.00,$6.95,$0.00,$0.00,$2.11,$0.56,$0.00,$0.00,$4.28,$6.29,$14.03,1,0,0
Cactus Silicon Baking Mold,254820836753,1,$17.29,$16.20,$1.09,$0.00,$6.80,$0.00,$0.00,$2.53,$0.00,$0.00,$0.00,$4.27,$9.40,$17.29,0,0,0
Disney Pixar Monsters 2.5 Inch Mini Figures Cake Topper Party Favor Toy Lot 5,254864127512,1,$20.26,$14.99,$1.28,$3.99,$8.21,$0.00,$0.00,$2.98,$0.99,$0.00,$0.00,$4.24,$10.77,$20.26,1,0,0
GARNIER FRUCTIS COCO HAIR FOOD  1 SHAMPOO y 1 ACONDICIONADOR - ENVIO PRIORIDAD,254922810754,1,$25.17,$22.99,$2.18,$0.00,$12.76,$0.00,$0.00,$7.25,$1.01,$0.00,$3.40,$7.90,$10.23,$25.17,1,0,0
Dawn Platinum Powerwash Dish Spray and Refills Fresh Scent 16 fl oz PACK OF 2,254961198002,1,$24.02,$21.99,$2.03,$0.00,$14.73,$1.75,$0.00,$3.48,$1.20,$0.00,$0.00,$8.30,$7.26,$24.02,1,0,0
Trolls DreamWorks World Tour Collectible Doll Set of 4,254974717287,1,$24.90,$20.00,$1.90,$3.00,$9.13,$0.00,$0.00,$3.60,$0.72,$0.00,$0.00,$4.81,$13.87,$24.90,1,0,0
KERASHINE 13 EN 1 HYDRA-NO FRIZZ TRATAMIENTO PARA PEINAR 180ml,255034769184,1,$19.07,$17.99,$1.08,$0.00,$8.83,$1.05,$0.00,$2.83,$0.71,$0.00,$0.00,$4.24,$9.16,$19.07,1,0,0
Nivea Creme 400ml - 13.5oz Glass Jar Moisturizing All Over Thick Cream Mexico,255050344689,1,$25.95,$23.70,$2.25,$0.00,$11.95,$0.00,$0.00,$3.65,$0.00,$0.00,$0.00,$8.30,$11.75,$25.95,0,0,0
Mexican Coffee Cafe Mis Raices VeHav  Cafe Mexicano -454G Cafe Molido Puebla,255151015096,1,$28.41,$24.69,$1.22,$2.50,$11.04,$0.00,$0.00,$3.69,$1.28,$0.00,$0.00,$6.07,$16.15,$28.41,1,0,1
Mexican Coffee Cafe Mis Raices VeHav  Cafe Mexicano -454G Cafe Molido Reserva,255151017392,1,$28.49,$25.99,$0.00,$2.50,$12.49,$0.00,$0.00,$3.61,$1.28,$0.00,$0.00,$7.60,$16.00,$28.49,1,0,0
Mexican Coffee Tresso Puebla -400G Cafe  Molida Americano,255151021227,1,$28.49,$25.99,$0.00,$2.50,$11.20,$0.00,$0.00,$3.70,$1.28,$0.00,$0.00,$6.22,$17.29,$28.49,1,0,0
24  x Mini Mexican Tote Favor Bags Mexican Party Pi√±ata Fiesta Candy Mercado New,255152590963,1,$57.18,$47.95,$4.24,$4.99,$21.88,$0.00,$0.00,$7.88,$0.00,$0.00,$0.00,$14.00,$31.06,$57.18,0,0,0
Palmolive Naturals Bar Soap Assorted,255228703295,1,$27.68,$25.99,$1.69,$0.00,$13.38,$0.00,$0.00,$3.97,$1.11,$0.00,$0.00,$8.30,$12.61,$27.68,1,0,0
2x SILICA BIFASICA CON TRATAMIENTP DE ARGAN + CERAMIDAS+ SABILA  102 ml each,255263724985,1,$22.84,$21.00,$1.84,$0.00,$8.21,$0.00,$0.00,$3.33,$0.00,$0.00,$0.00,$4.88,$12.79,$22.84,0,0,0
Hello Kitty Coffee Cup with Lid 32 Saba Feminine Sanitary Napkins,255385472071,1,$26.70,$23.50,$0.00,$3.20,$15.77,$0.00,$0.00,$3.74,$1.42,$0.00,$0.00,$10.61,$10.93,$26.70,1,0,0
Gran Mitla Sal de Gusano 100 Gram (3.52 oz) Jar Agave Worm Salt,255421558486,1,$26.99,$26.99,$0.00,$0.00,$9.91,$0.00,$0.00,$3.52,$1.35,$0.00,$0.00,$5.04,$17.08,$26.99,1,0,0
2 x eGo Sport Men Spray Deodorant 24h 150 ml,255444948093,1,$21.55,$20.00,$1.55,$0.00,$7.97,$0.00,$0.00,$3.16,$0.00,$0.00,$0.00,$4.81,$12.03,$21.55,0,0,0
8 x Palmolive Naturals Hidratacion Radiante- Moisturizing Bar Soap,255482542838,1,$28.30,$25.99,$2.31,$0.00,$12.35,$0.00,$0.00,$4.05,$0.00,$0.00,$0.00,$8.30,$13.64,$28.30,0,0,0
3 Pack Knorr Camaron Bouillon Cubes (8 cubes per pack--24 cubes total),255490520125,1,$15.14,$14.99,$0.15,$0.00,$7.44,$0.00,$0.00,$2.11,$0.00,$0.00,$0.00,$5.33,$7.55,$15.14,0,0,0
Hello Kitty Saba Diarios V-Sport Sanitary Napkins+ Gorra de Hello Kitty,255491948411,1,$24.99,$24.99,$0.00,$0.00,$7.72,$0.00,$0.00,$3.52,$0.00,$0.00,$0.00,$4.20,$17.27,$24.99,0,0,0
5X Nivea Whitening Deep Serum RollOn Classic Deodorant 40ml (Free-shipping),255560857850,1,$43.15,$39.95,$3.20,$0.00,$15.21,$0.70,$0.00,$5.87,$1.04,$0.00,$0.00,$7.60,$24.74,$43.15,1,0,0
Eye contour Nivea Luminous 630¬∞ cellular anti-dark circles 15ml Contorno de ojos,255562422027,1,$33.93,$30.99,$2.94,$0.00,$11.21,$2.80,$0.00,$9.49,$0.85,$0.00,$5.74,$3.81,$19.78,$33.93,1,0,0
2X Crema Real Skin Care Frescura Hidratante Aloe Vera + Pepino 220g c/u,255568250884,1,$23.53,$21.99,$1.54,$0.00,$8.60,$0.00,$0.00,$3.27,$1.18,$0.00,$0.00,$4.15,$13.39,$23.53,1,0,0
"Globe Wreath Frames 3pk 3D Floral Sphere Forms 14"" Dia. Wire Balls FREE SHIPPING",255636404874,1,$24.50,$19.50,$2.00,$3.00,$14.82,$0.00,$0.00,$7.01,$0.60,$0.40,$4.06,$10.87,$7.68,$24.50,0,0,0
"2x Ting Polvo 85g Ayuda A Eliminar La Sudoracion , Mal Olor , Comezon , Ardor,",255747333440,1,$40.86,$38.00,$2.86,$0.00,$10.49,$0.00,$0.00,$5.56,$1.96,$0.00,$0.00,$2.97,$27.51,$40.86,1,0,0
3 x MAJA DESODORANTE PERFUMADO ANTIPERSPIRANT ROLL ON - 50ml ‚ÄúFREE SHIPPING‚Äù,255748283530,1,$27.86,$24.99,$2.87,$0.00,$9.96,$0.00,$0.00,$3.99,$0.64,$0.00,$0.00,$5.33,$15.03,$27.86,1,0,0
Monster High Generation 3 G3 Reboot GHOULIA YELPS NEW Mattel 2022 IN HAND,255806110111,1,$39.30,$36.99,$2.31,$0.00,$17.15,$0.00,$0.00,$5.51,$0.79,$0.00,$0.00,$10.85,$19.84,$39.30,1,0,0
2 TING MEXICO Spray Antifungal Athletes Foot Pie De Atleta Antiseptic 150g,255845468224,1,$55.03,$48.20,$3.98,$2.85,$20.69,$0.00,$0.00,$7.59,$5.50,$0.00,$0.00,$7.60,$30.36,$55.03,1,0,0
3 Packs ZEST ALMENDRA & VANILLA (ALMOND & VANILLA)BAR SOAP 90G PRODUCT OF MEXICO,255952778965,1,$0.00,$0.00,$0.00,$0.00,$17.88,$1.05,$0.00,$4.13,$0.87,$0.00,$0.00,$11.83,-$17.88,$0.00,1,0,0
3 Packs ZEST AGUA DE COCO & AGAVE BAR SOAP 90 G PRODUCT OF MEXICO,255952794808,1,$0.00,$0.00,$0.00,$0.00,$6.40,$1.40,$0.00,$4.13,$0.87,$0.00,$0.00,$0.00,-$6.40,$0.00,1,0,0
4x Cafe Legal Mexican Ground Coffee Cafe Tostado De Grano Molido con Caramelo,255965050639,1,$41.12,$40.00,$1.12,$0.00,$13.55,$0.00,$0.00,$5.20,$1.15,$0.00,$0.00,$7.20,$26.45,$41.12,1,0,0
Zuko Light,255965100452,1,$46.35,$45.00,$1.35,$0.00,$11.90,$0.00,$0.00,$5.68,$0.00,$0.00,$0.00,$6.22,$33.10,$46.35,0,0,0
6x TEATRICAL CREMA AZUL LANOLINA 230gr / TEATRICAL CREAM BLUE LANOLIN,255972969250,1,$72.78,$56.99,$5.39,$10.40,$18.24,$0.00,$0.00,$9.94,$0.00,$0.00,$0.00,$8.30,$49.15,$72.78,0,0,0
2 X NIVEA ACLARADO CREMA EFECTO SATIN 48H 400ML,255973237244,1,$33.11,$30.59,$2.52,$0.00,$11.89,$0.00,$0.00,$13.29,$0.00,$0.00,$8.60,$7.20,$18.70,$33.11,0,0,0
Clight No Sugar Needed Makes 1 Liter 60 packs (40 limonada/20 fresas),255990082707,1,$38.20,$38.20,$0.00,$0.00,$12.46,$0.00,$0.00,$4.86,$0.00,$0.00,$0.00,$7.60,$25.74,$38.20,0,0,0
2X REXONA EFFICIENT TALCO PARA PIES FRESH 200g/FOOT TALCUM POWDER FREE SHIP,256000966220,1,$35.18,$22.45,$2.08,$10.65,$13.26,$0.00,$0.00,$4.96,$0.70,$0.00,$0.00,$7.60,$19.84,$35.18,1,0,0
ADES - JUGO DE SOJA ASSORTED FLAVORS 946 ML,256005307591,1,$46.07,$34.98,$2.10,$8.99,$15.47,$0.00,$0.00,$5.79,$1.38,$0.00,$0.00,$8.30,$28.50,$46.07,1,0,0
EGO FOR MEN Gel - 32oz (950ml)- FREE Shipping,256015616964,1,$24.78,$23.00,$1.78,$0.00,$12.38,$0.00,$0.00,$7.16,$1.00,$0.00,$4.08,$8.30,$10.62,$24.78,1,0,0
2 PK SAVILE SHAMPOO Menta y Eucalipto 700ml,256017042807,1,$27.18,$24.99,$2.19,$0.00,$11.80,$0.00,$0.00,$3.90,$0.00,$0.00,$0.00,$7.90,$13.19,$27.18,0,0,0
Mix Sizes White Nail Art Tip Half Pearls 3D Nail Beads Stone Rhinestones Decors,256023333964,1,$15.18,$8.95,$1.24,$4.99,$6.44,$0.00,$0.00,$2.31,$0.00,$0.00,$0.00,$4.13,$7.50,$15.18,0,0,0
"Mexican Handy craft bag, handwoven nylon plastic ",256034402766,1,$48.79,$40.00,$3.80,$4.99,$16.44,$0.00,$0.00,$7.62,$0.00,$0.00,$0.00,$8.82,$28.55,$48.79,0,0,0
2X NIVEA ANTITRANSPIRANTE ACLARADO NATURAL EFFECTO SATIN DESODORANTE - 2 de 50g,256037913585,1,$22.26,$20.90,$1.36,$0.00,$9.56,$0.00,$0.00,$3.25,$2.00,$0.00,$0.00,$4.31,$11.34,$22.26,1,0,0
"4 x ROYAL BAKING POWDER Polvo para Hornear  Made in Mexico, 110 g",256038997693,1,$28.00,$28.00,$0.00,$0.00,$10.08,$0.00,$0.00,$3.64,$0.00,$0.00,$0.00,$6.44,$17.92,$28.00,0,0,0
2500PCS Mixed Size Nail Art Rhinestones Flatback Crystal AB Glass Stones Box Kit,256044042009,1,$36.66,$34.50,$2.16,$0.00,$13.41,$0.00,$0.00,$5.16,$1.47,$0.00,$0.00,$6.78,$21.09,$36.66,1,0,0
"Ariel con toque de Downy Laundry Detergent Powder, 750g (Pack of 3)",256046182102,1,$27.55,$25.99,$1.56,$0.00,$14.73,$0.00,$0.00,$8.02,$5.04,$0.00,$6.63,$8.30,$11.26,$27.55,1,0,0
3 x Persil ALTA HIGIENE Powder Laundry Detergent Antibacteria 800 g Henkel,256046190089,1,$29.53,$27.99,$1.54,$0.00,$14.77,$0.00,$0.00,$4.21,$2.66,$0.00,$0.00,$7.90,$13.22,$29.53,1,0,0
Hello Kitty Saba Diarios 20 Sanitary Napkins + Thermo Infusor Hello Kitty,256046202151,1,$33.54,$25.99,$2.56,$4.99,$17.58,$0.00,$0.00,$4.74,$4.02,$0.00,$0.00,$8.82,$13.40,$33.54,1,0,0
2 x Nivea Intimo Confort Natural Intimate Wash Lotion 250 ml / 8.3 fl oz,256051143789,1,$32.65,$29.99,$2.66,$0.00,$15.17,$0.00,$0.00,$9.17,$2.94,$0.00,$4.54,$7.60,$14.82,$32.65,1,0,0
3 X Saba Jabon Intimo V Natural PH Balanceado 200 ml Uso diario,256051195665,1,$32.65,$29.99,$2.66,$0.00,$14.06,$0.00,$0.00,$4.63,$1.83,$0.00,$0.00,$7.60,$15.93,$32.65,1,0,0
Antitranspirante Dove tono uniforme en aerosol rosas para dama 150 ml,256053815268,1,$35.95,$32.99,$2.96,$0.00,$15.90,$0.00,$0.00,$5.06,$3.24,$0.00,$0.00,$7.60,$17.09,$35.95,1,0,0
4 x Desodorante Aclarante Whitening Savil√© S√°bila+Concha N√°car  150ml-0% alcohol,256053823395,1,$28.36,$26.50,$1.86,$0.00,$13.28,$0.00,$0.00,$4.06,$1.62,$0.00,$0.00,$7.60,$13.22,$28.36,1,0,0
4 Pack Nivea Desodorante Tono Natural Deo Mujer Clinical 96h Roll-on Deodorant,256054823909,1,$35.84,$33.00,$2.84,$0.00,$12.25,$0.00,$0.00,$5.05,$0.00,$0.00,$0.00,$7.20,$20.75,$35.84,0,0,0
TANG 60 Sample  + 10 livean lychee Makes 2 Liters Of Drink Mix 15g From Mexico,256057879318,1,$119.99,$83.00,$20.00,$16.99,$57.28,$0.00,$0.00,$12.58,$0.00,$1.70,$0.00,$43.00,$42.71,$119.99,0,0,0
Hello Kitty Saba Diarios 20 Sanitary Napkins + Thermo Infusor Hello Kitty pink,256065569774,1,$30.98,$25.99,$0.00,$4.99,$16.20,$0.00,$0.00,$4.40,$1.86,$0.00,$0.00,$9.94,$14.78,$30.98,1,0,0
Hello Kitty Saba Diarios 20 Sanitary Napkins + Thermo Infusor Hello Kitty blue,256065577687,1,$30.98,$25.99,$0.00,$4.99,$17.76,$0.00,$0.00,$4.40,$1.86,$0.00,$0.00,$11.50,$13.22,$30.98,1,0,0
2 x NESCAFE INSTANT COFFEE ESTILO CAFE DE OLLA NET WT 6 OZ  170 GR 07/2020,256066112603,1,$28.00,$28.00,$0.00,$0.00,$10.84,$0.00,$0.00,$3.64,$0.00,$0.00,$0.00,$7.20,$17.16,$28.00,0,0,0
16 x OBAO Garnier Men Roll-on Deodorant Stain Resistant Anti-manchas Intense 65g,256076066466,1,$79.00,$59.00,$0.00,$20.00,$40.05,$0.00,$0.00,$10.24,$0.00,$1.24,$0.00,$28.57,$38.95,$79.00,0,0,0
EGO HAIR GEL BLACK EXTRA GRANDE 1300ml PRODUCT OF MEXICO,256103145251,1,$31.97,$29.00,$2.97,$0.00,$15.72,$0.00,$0.00,$4.54,$2.88,$0.00,$0.00,$8.30,$13.28,$31.97,1,0,0
3 x MAJA AQUA TURQUESA PERFUMADO BODY WASH - 400ml/13.5FL ‚ÄúFREE SHIPPING‚Äù,256139661326,1,$32.50,$29.99,$2.51,$0.00,$13.66,$0.00,$0.00,$4.61,$0.75,$0.00,$0.00,$8.30,$16.33,$32.50,1,0,0
2 X PALMOLIVE BODY WASH IN ASSORTED SCENTS,256153586875,1,$28.43,$25.99,$2.44,$0.00,$11.67,$0.00,$0.00,$4.07,$0.00,$0.00,$0.00,$7.60,$14.32,$28.43,0,0,0
"ZUKO 100, Tang 100 and 100 clight",256176608305,1,$259.39,$240.00,$14.40,$4.99,$50.99,$0.00,$0.00,$31.23,$0.00,$4.28,$0.00,$15.48,$194.00,$259.39,0,0,0
"ARBOL VERDE SHAMPOO NATURAL ANTI-CAIDA, GEL LINAZA & GEL ROMERO",256250507459,1,$31.23,$26.40,$2.18,$2.65,$15.55,$0.00,$0.00,$4.44,$2.81,$0.00,$0.00,$8.30,$13.50,$31.23,1,0,0
2 X Nido Kinder deslactosado 1 a 3 a√±os Alimento para ni√±os  1.5 kg,256258029432,1,$72.49,$65.50,$0.00,$6.99,$26.57,$0.00,$0.00,$8.94,$0.00,$0.00,$0.00,$17.63,$45.92,$72.49,0,0,0
New Lot of 2 DESENEX Anti-fungal Cream Athletes Foot Pie de Atleta 28g,256270213207,1,$32.04,$25.10,$1.95,$4.99,$10.28,$0.00,$0.00,$4.55,$1.92,$0.00,$0.00,$3.81,$19.81,$32.04,1,0,0
Breast Nipple Clamps Clip Purple Hearts üíï BDSM Bondage Sex Toy Play Female,256316632368,1,$16.95,$15.99,$0.96,$0.00,$6.52,$0.00,$0.00,$2.55,$0.00,$0.00,$0.00,$3.97,$9.47,$16.95,0,0,0