Item Id,Sold Date,Canceled Date,Completed Date,Item Title,Order Status,Shipped to State,Shipped from State,Item Price,Buyer Shipping Fee,Gross Payments,Seller Shipping Fee,Mercari Selling Fee,Payment Processing Fee,Shipping Adjustment Fee,Seller Sales Profit,Sales Tax Charged to Buyer,,West coast
m92562060980,1/12/2021,,1/16/2021,Starbucks Hawaii Tumbler NWT,Completed,California,Minnesota,20,0,20,3.49,2,0.88,0,13.63,1.55,,x
m65782986150,1/21/2021,,1/26/2021,Rare Desert Cactus Venti Tumbler,Completed,California,Minnesota,36,4.6,40.6,0,3.6,1.34,0,31.06,3.51,,x
m78959409991,1/24/2021,,1/29/2021,Skechers Black Loafers Sneakers 13 mens,Completed,California,Minnesota,26,4.99,30.99,0,2.6,1.05,0,22.35,2.02,,x
m11853704628,2/4/2021,,2/9/2021,Adidas Black Womens Joggers small,Completed,California,Minnesota,11,4.99,15.99,0,1.1,0.62,0,9.28,0.85,,x
m88533476582,2/3/2021,,2/9/2021,Columbia Fleece Red Orange Mahogany,Completed,California,Minnesota,18,3.49,21.49,0,1.8,0.82,0,15.38,1.62,,x
m88873014234,2/5/2021,,2/12/2021,Nike Pullover Half Zip Gray Black XS S,Completed,California,Minnesota,20,0,20,3.49,2,0.88,0,13.63,1.55,,x
m13523593848,2/9/2021,,2/13/2021,"16 5"" Squishmallow NWT NWOT HTF 2019",Completed,California,Minnesota,110,4.99,114.99,0,11,3.49,0,95.51,9.08,,x
m85396376459,2/7/2021,,2/16/2021,Nike Air Max Access Black Size 6Y 7,Completed,California,Minnesota,31,0,31,3.49,3.1,1.2,0,23.21,2.4,,x
m38206386051,2/7/2021,,2/16/2021,Nike FlyKnit Zoom HyperSpike Volleyball,Completed,California,Minnesota,39,0,39,3.49,3.9,1.43,0,30.18,3.02,,x
m80205513004,2/11/2021,,2/17/2021,Sweatshirt Hoodie Bundle fleece sherpa,Completed,California,Minnesota,25,9.99,34.99,0,2.5,1.03,0,21.47,1.94,,x
m77760325449,2/15/2021,,2/19/2021,Tommy Hilfiger Sweatpants Joggers NWOT,Completed,California,Minnesota,27,0,27,3.49,2.7,1.08,0,19.73,2.5,,x
m95854743747,2/11/2021,,2/20/2021,7 pc XS Pajama Pants Bundle,Completed,California,Minnesota,15,4.99,19.99,0,1.5,0.74,0,12.76,1.16,,x
m15933886603,2/13/2021,,2/20/2021,Adidas T-Shirt Womens Small Black/White,Completed,California,Minnesota,10,3.49,13.49,0,1,0.59,0,8.41,0.9,,x
m21200576177,2/13/2021,,2/23/2021,Vans Slip On Skate Shoes Black 7,Completed,California,Minnesota,25,0,25,3.49,2.5,1.03,0,17.98,2.31,,x
m15034754470,2/15/2021,,2/23/2021,Nike Blue Ribbon Roche Sneakers Flyknit,Completed,California,Minnesota,15,0,15,3.49,1.5,0.74,0,9.27,1.31,,x
m69751155848,2/20/2021,,2/26/2021,Starbucks Siren Scales Travel Tumbler,Completed,California,Minnesota,10,0,10,3.49,1,0.59,0,4.92,0.78,,x
m34193250228,2/23/2021,,3/1/2021,Converse All Star Chucks Low Top Black,Completed,California,Minnesota,20,0,20,3.49,2,0.88,0,13.63,1.55,,x
m33797198447,2/25/2021,,3/2/2021,NEW Disney Characters Tervis Tumbler 24,Completed,California,Minnesota,28,0,28,3.49,2.8,1.11,0,20.6,2.59,,x
m59282663615,2/24/2021,,3/2/2021,PJ Bundle Joggers + Long Sleeve Small,Completed,California,Minnesota,12,3.49,15.49,0,1.2,0.65,0,10.15,1.05,,x
m55049146966,2/26/2021,,3/3/2021,Nike Air Max Thea Premium Tie Dye 9,Completed,California,Minnesota,20,3.49,23.49,0,2,0.88,0,17.12,1.45,,x
m56873326798,2/24/2021,,3/5/2021,Back to school reserved,Completed,California,Minnesota,10,0,10,3.49,1,0.59,0,4.92,0.95,,x
m53737447772,3/1/2021,,3/6/2021,"Athleta Black Leggings - Large, Sports",Completed,California,Minnesota,26,0,26,3.49,2.6,1.05,0,18.86,2.37,,x
m76407155881,3/2/2021,,3/6/2021,NWT Cordless Auto Hair Curler Conair,Completed,California,Minnesota,47,3.49,50.49,0,4.7,1.66,0,40.64,4.47,,x
m26971715007,3/1/2021,,3/7/2021,World Market Mason Jar Measuring Spoons,Completed,California,Minnesota,6,3.49,9.49,0,0.6,0.47,0,4.93,0.47,,x
m76531356641,3/2/2021,,3/8/2021,Four Starbucks Rainbow Confetti Cold Cup,Completed,California,Minnesota,35,0,35,3.65,3.5,1.32,0,26.53,3.33,,x
m73146778062,3/2/2021,,3/8/2021,Starbucks Grande Honeycomb Studded Cup,Completed,California,Minnesota,38,3.65,41.65,0,3.8,1.4,0,32.8,3.61,,x
m40763028227,3/3/2021,,3/9/2021,Lush Big Blue Ocean Sea Salt Bath Bomb,Completed,California,Minnesota,8,4.99,12.99,0,0.8,0.53,0,6.67,0.74,,x
m10757521949,3/9/2021,,3/15/2021,4 Starbucks Aprons Green and Red,Completed,California,Minnesota,19,3.65,22.65,0,1.9,0.85,0,16.25,1.47,,x
m84865853676,3/11/2021,,3/15/2021,NWOT Lacoste Sports Polo Mens Large,Completed,California,Minnesota,18,3.49,21.49,0,1.8,0.82,0,15.38,1.58,,x
m97454645017,3/11/2021,,3/15/2021,North Face Sherpa Faux Fur Black Jacket,Completed,California,Minnesota,18,3.49,21.49,0,1.8,0.82,0,15.38,1.85,,x
m42632466877,3/8/2021,,3/16/2021,Starbucks Rose Gold Stainless Steel Cup,Completed,California,Minnesota,30,3.65,33.65,0,3,1.17,0,25.83,2.33,,x
m68509234193,3/12/2021,,3/17/2021,Coral HTF Starbucks Hot Cup,Completed,California,Minnesota,10,0,10,3.49,1,0.59,0,4.92,0.95,,x
m53972277919,3/10/2021,,3/18/2021,Starbucks Cold Foam Lids New,Completed,California,Minnesota,25,3.65,28.65,0,2.5,1.03,0,21.47,1.94,,x
m59038426160,3/12/2021,,3/19/2021,Starbucks Venti Honeycomb Studded Cup,Completed,California,Minnesota,55,0,55,5.99,5.5,1.9,0,41.61,5.36,,x
m25811433046,3/13/2021,,3/19/2021,HTF We Bare Bears Limited Edition Lotion,Completed,California,Minnesota,9,3.49,12.49,0,0.9,0.56,0,7.54,0.86,,x
m11981189074,3/14/2021,,3/20/2021,VS Pink Sherpa Pullover Army Green Small,Completed,California,Minnesota,15,3.49,18.49,0,1.5,0.74,0,12.76,1.35,,x
m66806149201,3/12/2021,,3/21/2021,Starbucks Venti Honeycomb Studded Cup,Completed,California,Minnesota,54,0,54,5.99,5.4,1.87,0,40.74,3.92,,x
m31594727214,3/13/2021,,3/21/2021,New Smartwool Gray Sports Tee- XS,Completed,California,Minnesota,28,0,28,3.65,2.8,1.11,0,20.44,2.31,,x
m87938705853,3/20/2021,,3/26/2021,VINTAGE USA OLYMPICS FLEECE SWEATSHIRT,Completed,California,Minnesota,20,3.49,23.49,0,2,0.88,0,17.12,1.9,,x
m77463584312,3/17/2021,,3/28/2021,Faux Fur Sandals Ugg Fluff Yeah,Completed,California,Minnesota,11,0,11,3.65,1.1,0.62,0,5.63,0.91,,x
m32779768613,3/24/2021,,3/30/2021,Calvin Klein NWT Bra Set 36C,Completed,California,Minnesota,24,0,24,3.65,2.4,1,0,16.95,1.86,,x
m20947748293,3/21/2021,,4/1/2021,Pink Sherpa Pullover Small,Completed,California,Minnesota,9,0,9,3.65,0.9,0.56,0,3.89,0.86,,x
m56983878160,3/23/2021,,4/1/2021,The North Face Leggings Medium,Completed,California,Minnesota,15,0,15,3.65,1.5,0.74,0,9.11,1.16,,x
m63908854458,3/28/2021,,4/3/2021,NWT Warm Cotton Utility Jacket Old Navy,Completed,California,Minnesota,22,3.49,25.49,0,2.2,0.94,0,18.86,1.82,,x
m64403406069,3/26/2021,,4/3/2021,W7 Baby Blue Freesail Crocs like new,Completed,California,Minnesota,30,0,30,4.8,3,1.17,0,21.03,2.48,,x
m36046457522,3/28/2021,,4/5/2021,Black Adidas Joggers Womens Small,Completed,California,Minnesota,22,0,22,3.65,2.2,0.94,0,15.21,2.09,,x
m59173709460,4/1/2021,,4/8/2021,New Levi's Hoodie Size Large,Completed,California,Minnesota,12,3.65,15.65,0,1.2,0.65,0,10.15,1.14,,x
m75597076830,4/13/2021,,4/19/2021,NEW Sneaker Slippers Happy Feet Pink XL,Completed,California,Minnesota,24,0,24,4.99,2.4,1,0,15.61,2.46,,x
m85992509636,4/22/2021,,4/28/2021,Two Starbucks Striped Grande Tumblers,Completed,California,Minnesota,30,5.99,35.99,0,3,1.17,0,25.83,2.33,,x
m80471117177,4/23/2021,,4/30/2021,NWT Havianas Flip Flops Gray Alpargatas,Completed,California,Minnesota,23,0,23,3.65,2.3,0.97,0,16.08,2.13,,x
m40318856962,5/7/2021,,,Black Pink Sweatshirt XS Victoria Secret,In process,California,Minnesota,16,0,16,3.65,1.6,0.76,0,9.99,1.52,,x
m65537120222,5/10/2021,,,Black Classic Crogs Clogs M10 W12,In process,California,Minnesota,26,0,26,5.99,2.6,1.05,0,16.36,1.89,,x
m88356752788,5/12/2021,,,Crocs Boat Shoes Slip Ons M7 W9,In process,California,Minnesota,21,0,21,5.99,2.1,0.91,0,12,1.63,,x
m80590356012,5/10/2021,,5/14/2021,Starbucks Hawaii Tumbler 2016 Floral,Completed,California,Minnesota,55,5.99,60.99,0,5.5,1.9,0,47.6,4.81,,x
m94321800445,5/7/2021,,5/14/2021,Starbucks Pink Lid and Mint Straw,Completed,California,Minnesota,25,0,25,3.65,2.5,1.03,0,17.82,1.97,,x
m41409384877,6/12/2021,,6/17/2021,Otterbox iPhone 7 Plus Clear Case New,Completed,California,Minnesota,13,0,3.65,1.3,0.68,0,7.37,1.01,0,,x
m60897661970,6/15/2021,,6/22/2021,Navy Blue Classic Crocs Clogs W7 M5 S,Completed,California,Minnesota,24,0,4.8,2.4,1,0,15.8,2.28,0,,x
m42800517719,6/17/2021,,6/22/2021,Apple Earpods Earbuds Lightning Connect,Completed,California,Minnesota,10,3.65,0,1,0.59,0,8.41,0.83,0,,x
m98317573264,6/18/2021,,6/24/2021,M12 Avia Enduropro Athletic Running Shoe,Completed,California,Minnesota,17,0,4.8,1.7,0.79,0,9.71,1.32,0,,x
m82822541135,6/18/2021,,6/25/2021,Rae Dunn Beach Bum Ceramic Platter HTF,Completed,California,Minnesota,29,11.5,0,2.9,1.14,0,24.96,2.25,0,,x
m25820601489,6/22/2021,,6/26/2021,Starbucks x Ban.Do Plaid Venti Tumbler,Completed,California,Minnesota,25,5.99,0,2.5,1.03,0,21.47,2.19,0,,x
m42141822115,6/22/2021,,6/28/2021,Starbucks Blue SS Venti Monstera Tumbler,Completed,California,Minnesota,28,4.8,0,2.8,1.11,0,24.09,2.17,0,,x
m57232780228,6/24/2021,,6/29/2021,Sea to Summit X Bowl Silicone Folding,Completed,California,Minnesota,15,0,3.65,1.5,0.74,1.15,7.96,1.35,0,,x
m78357614220,6/22/2021,,6/29/2021,Starbucks Pink Glass Tumbler Bundle NEW,Completed,California,Minnesota,65,7.99,0,6.5,2.19,0,56.31,5.69,0,,x
m30549962071,6/23/2021,,6/30/2021,Starbucks Blue SS Venti Monstera Tumbler,Completed,California,Minnesota,35,0,4.8,3.5,1.32,0,25.38,2.71,0,,x
m98377377556,6/29/2021,,7/7/2021,Starbucks Glass Tumbler Bundle NEW pink,Completed,California,Minnesota,65,7.99,0,6.5,2.19,0,56.31,5.04,0,,x
m80993204541,6/30/2021,,7/9/2021,Starbuck Pink Frosted Glass Water Bottle,Completed,California,Minnesota,30,5.99,0,3,1.17,0,25.83,3.08,0,,x
m31504403828,7/3/2021,,7/10/2021,Starbucks SS Wood Handle Travel Tumbler,Completed,California,Minnesota,15,4.8,0,1.5,0.74,0,12.76,1.43,0,,x
m93810571145,7/6/2021,,7/11/2021,Starbucks Drink Recipe Cards SEALED,Completed,California,Minnesota,33,0,3.65,3.3,1.26,0,24.79,3.38,0,,x
m84884877621,7/3/2021,,7/12/2021,NEW Starbucks Purple SS Travel Tumbler,Completed,California,Minnesota,17,0,4.8,1.7,0.79,0,9.71,1.62,0,,x
m32127145620,7/12/2021,,7/17/2021,Starbucks SS Jungle Print Venti Tumbler,Completed,California,Minnesota,30,5.99,0,3,1.17,0,25.83,2.63,0,,x
m34686468222,7/14/2021,,7/19/2021,Starbucks Gold Logo Letter Tumbler 2015,Completed,California,Minnesota,16,5.99,0,1.6,0.76,0,13.64,1.64,0,,x
m88689434668,7/9/2021,,7/19/2021,Vintage Oversized T Shirt Bundle Y2K,Completed,California,Minnesota,30,0,5.99,3,1.17,0,19.84,2.33,0,,x
m44926509361,7/16/2021,,7/24/2021,Converse Shoreline Slip Ons Navy Blue W8,Completed,California,Minnesota,18,0,7.99,1.8,0.82,0,7.39,1.67,0,,x
m85349888495,7/18/2021,,7/25/2021,Starbucks Pink Pleated Grande Tumbler,Completed,California,Minnesota,17,5.99,0,1.7,0.79,0,14.51,1.49,0,,x
m13899652760,7/26/2021,,8/3/2021,Set of 3 Starbucks Venti HTF Tumblers,Completed,California,Minnesota,40,7.99,0,4,1.46,0,34.54,4.1,0,,x
m20958323554,7/27/2021,,8/4/2021,Ferrari Scuderia GTO Official T-Shirt 2X,Completed,California,Minnesota,30,0,3.65,3,1.17,0,22.18,2.33,0,,x
m90191910574,7/29/2021,,8/4/2021,Reserved Bundle For Ari,Completed,California,Minnesota,115,7.99,0,11.5,3.64,0,99.86,11.79,0,,x
m34690096665,8/1/2021,,8/8/2021,Womens Large T Shirt Short Sleeve Tops,Completed,California,Minnesota,18,0,3.65,1.8,0.82,0,11.73,1.4,0,,x
m63752699269,7/31/2021,,8/8/2021,Starbucks Korea Sailboat Grande Tumbler,Completed,California,Minnesota,40,4.8,0,4,1.46,0,34.54,3.5,0,,x
m95903014359,8/5/2021,,8/13/2021,Starbucks Spray Paint Venti Tumbler Rare,Completed,California,Minnesota,30,4.8,0,3,1.17,1.19,24.64,2.33,0,,x
m66264180696,8/10/2021,,8/14/2021,Amsterdam Holland Crewneck Sweatshirt MD,Completed,California,Minnesota,18,0,3.65,1.8,0.82,0,11.73,1.85,0,,x
m22387778546,8/4/2021,,8/15/2021,VANS Slip Ons Knit Suede Cali 2014 W8,Completed,California,Minnesota,17,0,4.8,1.7,0.79,0,9.71,1.49,0,,x
m29747512194,8/11/2021,,8/19/2021,Vintage Girl Scouts Tin Lunchbox contain,Completed,California,Minnesota,14,5.99,0,1.4,0.71,0,11.89,1.38,0,,x
m91520360981,8/15/2021,,8/20/2021,Converse Street Mid Brown Leather Shoes,Completed,California,Minnesota,50,7.99,0,5,1.75,0,43.25,3.63,0,,x
m93109565153,8/22/2021,,8/27/2021,Nike Kyrie Irving Flytrap Basketball 7Y,Completed,California,Minnesota,18,5.99,0,1.8,0.82,0,15.38,1.85,0,,x
m50607595139,8/22/2021,,8/30/2021,CHIP Starbucks Dark Blue Replacement Lid,Completed,California,Minnesota,9,3.65,0,0.9,0.56,0,7.54,0.84,0,,x
m10241679685,8/25/2021,,9/2/2021,Starbucks Vera Bradley Grande Tumbler,Completed,California,Minnesota,48,7.99,0,4.8,1.69,0,41.51,3.72,0,,x
m38509869575,8/24/2021,,9/4/2021,NWT Starbucks Elsa Blue Glitter Tumbler,Completed,California,Minnesota,24,5.99,0,2.4,1,0,20.6,1.98,0,,x
m53308344809,8/30/2021,,9/7/2021,CRACKED NWT Starbucks Polka Dot Tumbler,Completed,California,Minnesota,9,5.99,0,0.9,0.56,0,7.54,0.92,0,,x
m77090600239,9/4/2021,,9/10/2021,Rothys Gray Slip Ons Flats W6 Round Toe,Completed,California,Minnesota,55,0,4.8,5.5,1.9,0,42.8,4.26,0,,x
m86466291020,9/10/2021,,9/20/2021,Starbucks Brand Clear Replacement Lid,Completed,California,Minnesota,9,3.65,0,0.9,0.56,0,7.54,0.77,0,,x
m21357315400,9/6/2021,,9/21/2021,Vintage Disneyland Resort Black Jacket S,Completed,California,Minnesota,40,0,4.8,4,1.46,0,29.74,3.8,0,,x
m43948122633,9/11/2021,,9/24/2021,"Hello Kitty Pink Leopard Print Onesie Outfit Sanrio 2009 6"" Plush",Completed,California,Minnesota,18,3.65,0,1.8,0.82,0,15.38,1.4,0,,x
m15560176816,10/3/2021,,10/13/2021,HTF Starbucks Bridal Lace White Ceramic,Completed,California,Minnesota,35,7.99,0,3.5,1.32,0,30.18,2.71,0,,x
m23602271022,10/8/2021,,10/25/2021,NWT Restoration Hardware 5 lb Scale Vintage Retro Style Farmhouse Weigh,Completed,California,Minnesota,31,9.99,0,3.1,1.2,0,26.7,2.87,0,,x
m12761478355,10/10/2021,,10/25/2021,*RESERVED* Clear Pyrex 1 qt Dish,Completed,California,Minnesota,10,0,0,1,0.59,0,8.41,0.93,0,,x
m80336371747,10/24/2021,,10/30/2021,VS PINK Yoga Leggings Black Gray High Waisted Small Capri,Completed,California,Minnesota,16,0,3.65,1.6,0.76,0,9.99,1.24,0,,x
m26709646772,11/2/2021,,11/12/2021,LA Dodgers Knit Beanie Gray Blue Hat Los Angeles Baseball MLB Jersey,Completed,California,Minnesota,21,0,3.65,2.1,0.91,0,14.34,2.07,2,,x
m66063721154,11/6/2021,,11/16/2021,Columbia 3XL Mens Long Sleeve Sun Protection Fishing Shirt Omni Shade Green,Completed,California,Minnesota,24,0,3.65,2.4,1,0,16.95,2.01,0,,x
m93158588161,2/7/2021,,2/17/2021,Fleece Lined Sweatpants Green Tea,Completed,Oregon,Minnesota,13,0,13,3.49,1.3,0.68,0,7.53,0,,x
m95834544010,3/1/2021,,3/9/2021,FILA Sport White Womens hat,Completed,Oregon,Minnesota,10,0,10,3.49,1,0.59,0,4.92,0,,x
m36033660607,3/17/2021,,3/23/2021,"NWT Maroon Puffer Vest - Gap, Small",Completed,Oregon,Minnesota,20,3.49,23.49,0,2,0.88,0,17.12,0,,x
m84828683581,3/24/2021,,4/1/2021,Fleece Peanuts Snoopy Blanket,Completed,Oregon,Minnesota,19,4.99,23.99,0,1.9,0.85,0,16.25,0,,x
m80077985048,4/6/2021,,4/13/2021,IBEX Leggings Womens Large Like New,Completed,Oregon,Minnesota,35,0,35,3.65,3.5,1.32,0,26.53,0,,x
m46426114796,4/17/2021,,4/25/2021,BNWT Starbucks Oil Slick Glass 16 oz,Completed,Oregon,Minnesota,30,0,30,7.99,3,1.17,0,17.84,0,,x
m48418035563,4/24/2021,,5/1/2021,Puff Sleeve Black T Shirt NWT XL,Completed,Oregon,Minnesota,16,0,16,3.65,1.6,0.76,0,9.99,0,,x
m68798696378,5/10/2021,,,USA Hockey Oversized Hoodie XL,In process,Oregon,Minnesota,23,0,23,4.8,2.3,0.97,0,14.93,0,,x
m18481444905,10/4/2021,,10/9/2021,Black Floral Low Heels W8.5 Soft Style,Completed,Oregon,Minnesota,15,0,4.8,1.5,0.74,0,7.96,0,0,,x
m32540601606,10/22/2021,,11/9/2021,NEW Libbey Glass Cupcake Liner Dish Set with Lids 24 pieces,Completed,Oregon,Minnesota,30,7.99,0,3,1.17,0,25.83,0,0,,x
m51878519339,11/7/2021,,,Tiny Baby White Rat Mouse Plush Stuffed,In process,Oregon,Minnesota,6,0,3.65,0.6,0.47,0,1.28,0,0,,x
m25430299420,11/25/2021,,12/7/2021,Vintage 1964 Easy Bake Oven Kenner YELLOW #1600 w Original Box Mix Pans WORKING,Completed,Oregon,Minnesota,130,20,0,13,4.07,0,112.93,0,0,,x
m29554751079,2/3/2021,,2/9/2021,Nike Air Max Premiere Basketball HighTop,Completed,Washington,Minnesota,30,0,30,4.99,3,1.17,0,20.84,3.06,,x
m56182646188,2/4/2021,,2/11/2021,Hi Top Converse Black White Dragon Scale,Completed,Washington,Minnesota,19,3.49,22.49,0,1.9,0.85,0,16.25,2.27,,x
m41723328244,2/28/2021,,3/6/2021,Blue Floral Starbucks Tumbler Steel,Completed,Washington,Minnesota,18,3.49,21.49,0,1.8,0.82,0,15.38,1.91,,x
m41141818758,3/1/2021,,3/7/2021,NEW Eddie Bauer Pajama Set Small,Completed,Washington,Minnesota,25,3.49,28.49,0,2.5,1.03,0,21.47,2.42,,x
m61290179492,3/9/2021,,3/19/2021,Starbucks Venti Honeycomb Studded Cup,Completed,Washington,Minnesota,50,0,50,7.99,5,1.75,0,35.26,4.65,,x
m84294543709,3/11/2021,,3/26/2021,RESERVED,Completed,Washington,Minnesota,60,0,60,7.99,6,2.04,0,43.97,5.1,,x
m42157108511,3/19/2021,,3/29/2021,Kiss Rose Gold,Completed,Washington,Minnesota,5,3.65,8.65,0,0.5,0.45,0,4.05,0.87,,x
m64679304538,3/26/2021,,3/31/2021,VS Pink Gray Capri Leggings Medium,Completed,Washington,Minnesota,23,0,23,3.65,2.3,0.97,0,16.08,2,,x
m56748383472,3/23/2021,,4/2/2021,Adidas Black Matte High Waisted Leggings,Completed,Washington,Minnesota,17,3.49,20.49,0,1.7,0.79,0,14.51,1.84,,x
m79443202870,4/5/2021,,4/9/2021,NWT Starbucks Copper Camping Mug SS,Completed,Washington,Minnesota,16,4.8,20.8,0,1.6,0.76,0,13.64,1.81,,x
m63356651213,4/14/2021,,4/21/2021,Calvin Klein Performance Tie Dye T Shirt,Completed,Washington,Minnesota,11,3.65,14.65,0,1.1,0.62,0,9.28,1.26,,x
m97552427564,4/21/2021,,4/27/2021,Starbucks 2016 Tie Dye Grande Tumbler,Completed,Washington,Minnesota,35,5.99,40.99,0,3.5,1.32,0,30.18,4.2,,x
m87719800155,6/23/2021,,7/1/2021,Starbucks Striped Pink Grande Tumbler,Completed,Washington,Minnesota,20,4.8,0,2,0.88,0,17.12,2.58,0,,x
m98440511041,7/12/2021,,7/19/2021,HTF Starbucks Japan Blue Leopard Tumbler,Completed,Washington,Minnesota,42,0,4.8,4.2,1.52,0,31.48,3.78,0,,x
m31014774073,7/26/2021,,7/30/2021,Steve Madden Silver Anklet Bracelet Set,Completed,Washington,Minnesota,11,0,3.65,1.1,0.62,0,5.63,0.88,0,,x
m91327993964,8/18/2021,,8/24/2021,Gray Slip On Vans Skate Shoes Womens 9,Completed,Washington,Minnesota,20,5.99,0,2,0.88,6.01,11.11,2.24,0,,x
m30829088670,9/12/2021,,9/21/2021,Patagonia Uprisal Hoodie Gray Bear Small,Completed,Washington,Minnesota,33,0,4.8,3.3,1.26,0,23.64,2.57,0,,x
m98866068865,10/17/2021,,10/27/2021,Women's Small Luxury T-Shirt Bundle Athletic Tees Loungewear,Completed,Washington,Minnesota,30,7.99,0,3,1.17,0,25.83,3.8,0,,x
m57800554431,10/26/2021,,10/29/2021,EUC Starbucks Red Ombre Pleated SS Venti Tumbler 2020,Completed,Washington,Minnesota,28,12,0,2.8,1.11,0,24.09,4.12,2,,x
m79220436376,10/26/2021,,10/31/2021,Brooks Womens Ghost 9 Running Shoe size 10 Black Purple Blue,Completed,Washington,Minnesota,35,5.99,0,3.5,1.32,0,30.18,4.14,0,,x
m42198427785,11/17/2021,,11/23/2021,Vintage Winnie The Pooh Cross Stitch Framed Art Nursery Disney Dimensions,Completed,Washington,Minnesota,10,4.8,0,1,0.59,0,8.41,1.32,0,,x
m23842236172,11/29/2021,,12/5/2021,Starbucks Black Matte Replacement Lid for Venti Grande Tumbler,Completed,Washington,Minnesota,15,3.65,0,1.5,0.74,0,12.76,1.51,0,,x
m34135416796,2/8/2021,,2/13/2021,RESERVED BUNDLE,Completed,Alabama,Minnesota,22,3.49,25.49,0,2.2,0.94,0,18.86,1.76,,
m92142628985,3/17/2021,,3/24/2021,New Running Shorts All In Motion Medium,Completed,Alabama,Minnesota,22,0,22,3.65,2.2,0.94,0,15.21,1.76,,
m88960595080,3/17/2021,,3/24/2021,Sensationail Gel Nail Polish Bundle,Completed,Alabama,Minnesota,14,3.65,17.65,0,1.4,0.71,0,11.89,1.12,,
m89646790059,7/25/2021,,7/31/2021,Vans Old Skool Gray W8.5 Skate Shoes,Completed,Alabama,Minnesota,22,0,4.8,2.2,0.94,0,14.06,1.76,0,,
m61312186607,8/26/2021,,9/5/2021,Mens Carhartt Force Gray T Shirt Medium,Completed,Alabama,Minnesota,17,3.65,0,1.7,0.79,0,14.51,1.36,0,,
m41110118215,8/26/2021,,9/7/2021,Vintage Pyrex Butterfly Gold 444 Bowl,Completed,Alabama,Minnesota,16,7.99,0,1.6,0.76,0,13.64,1.28,0,,
m85879393356,10/9/2021,,10/14/2021,The North Face Mint Green Soft Hoodie LG,Completed,Alabama,Minnesota,23,0,3.65,2.3,0.97,0,16.08,1.84,0,,
m42041646778,2/16/2021,,2/21/2021,Korean Face Mask Bundle japan asia,Completed,Alaska,Minnesota,17,0,17,3.49,1.7,0.79,0,11.02,0,,
m37200576391,4/21/2021,,4/27/2021,Aerie Faux Fur Lined Oversized Hoodie,Completed,Alaska,Minnesota,18,3.49,21.49,0,1.8,0.82,0,15.38,0,,
m41825722012,1/30/2021,,2/5/2021,Stainless steel starbucks tumbler,Completed,Arizona,Minnesota,12,3.49,15.49,0,1.2,0.65,0,10.15,1.03,,
m95124638102,2/19/2021,,2/26/2021,Park City Utah Hoodie Womens Medium,Completed,Arizona,Minnesota,12,3.49,15.49,0,1.2,0.65,0,10.15,1.04,,
m41451512464,3/3/2021,,3/9/2021,Starbucks Honeycomb + Korea Bundle,Completed,Arizona,Minnesota,49,0,49,5.99,4.9,1.72,0,36.39,4.21,,
m16170481131,3/6/2021,,3/16/2021,XL Athleta Black Leggings,Completed,Arizona,Minnesota,19,3.49,22.49,0,1.9,0.85,0,16.25,1.2,,
m99880313974,3/25/2021,,4/1/2021,REI Black Capri Leggings Womens Medium,Completed,Arizona,Minnesota,16,0,16,3.65,1.6,0.76,0,9.99,1.25,,
m17806499012,4/5/2021,,4/13/2021,Columbia Womens Shorts Small,Completed,Arizona,Minnesota,8,3.65,11.65,0,0.8,0.53,0,6.67,0.7,,
m72663717431,4/28/2021,,5/6/2021,Sherpa Green Bay Packers Hoodie - Medium,Completed,Arizona,Minnesota,15,0,15,3.49,1.5,0.74,0,9.27,1.22,,
m82519358792,5/13/2021,,,Starbucks Red Embossed Heart Tumbler,In process,Arizona,Minnesota,160,7.99,167.99,0,16,4.94,0,139.06,15.76,,
m29219730887,6/14/2021,,6/24/2021,W7 Teal Blue Jelly Crocs Slip Ons Flats,Completed,Arizona,Minnesota,15,0,3.65,1.5,0.74,0,9.11,1.29,0,,
m39630301240,6/21/2021,,6/27/2021,Starbucks Rainbow Cactus Travel Tumbler,Completed,Arizona,Minnesota,30,4.8,0,3,1.17,0,25.83,2.96,0,,
m38085031180,6/21/2021,,6/28/2021,Starbucks Rainbow Cactus SS Tumbler NWT,Completed,Arizona,Minnesota,35,4.8,0,3.5,1.32,0,30.18,3.45,0,,
m65656982374,8/1/2021,,8/9/2021,NWT Starbucks Universal Studios Tumbler,Completed,Arizona,Minnesota,24,4.8,0,2.4,1,0,20.6,2.23,0,,
m50416573989,8/14/2021,,8/25/2021,Starbucks Grande Heart Tumbler 2018,Completed,Arizona,Minnesota,18,4.8,0,1.8,0.82,0,15.38,1.55,0,,
m50890977850,9/25/2021,,10/2/2021,Bath and Body Works Dinosaur Foaming Hand Soap Pump Dispenser,Completed,Arizona,Minnesota,30,12,0,3,1.17,0,25.83,2.76,0,,
m81888364716,1/22/2021,,1/26/2021,True Grit Sherpa Quarter Zip Large,Completed,Arkansas,Minnesota,18,4.6,22.6,0,1.8,0.82,0,15.38,2.15,,
m62440005210,2/4/2021,,2/9/2021,BUNDLE Army Green Joggers Black Sweater,Completed,Arkansas,Minnesota,19,0,19,3.49,1.9,0.85,0,12.76,1.33,,
m31771456974,4/7/2021,,4/12/2021,Waterparks Fandom Tour Hoodie,Completed,Arkansas,Minnesota,26,3.65,29.65,0,2.6,1.05,0,22.35,2.52,,
m47154148450,8/13/2021,,8/17/2021,Minnesota Mauve Pink Sweatshirt Pullover,Completed,Arkansas,Minnesota,18,0,3.65,1.8,0.82,0,11.73,1.76,0,,
m35559829547,1/9/2021,,1/18/2021,North Face Jacket half Zip womens small,Completed,Colorado,Minnesota,22,3.49,25.49,0,2.2,0.94,0,18.86,2.02,,
m11825453335,1/10/2021,,1/19/2021,Vans Knit Hoodie size small red,Completed,Colorado,Minnesota,18,0,18,3.49,1.8,0.82,0,11.89,1.03,,
m27018959905,3/22/2021,,3/30/2021,Athleta Purple Tie Dye Leggings Medium,Completed,Colorado,Minnesota,25,3.65,28.65,0,2.5,1.03,0,21.47,2.52,,
m22242577317,5/2/2021,,,Nike Zoom Kobe X(10)-Peach Jam/Overcome,In process,Colorado,Minnesota,43,0,43,5.99,4.3,1.55,0,31.16,3.44,,
m56856982642,5/8/2021,,,XL Adidas Black Sweatpants Joggers Pants,In process,Colorado,Minnesota,20,0,20,3.65,2,0.88,0,13.47,1.76,,
m75306578066,8/13/2021,,8/20/2021,Starbucks Philip Lim Parrot SS Grande,Completed,Colorado,Minnesota,46,7.99,0,4.6,1.63,0,39.77,4.76,0,,
m17813079678,8/27/2021,,9/3/2021,Chacos Chong Flip Flops W8 M10 Sandals,Completed,Colorado,Minnesota,32,4.8,0,3.2,1.23,0,27.57,1.8,0,,
m70250205153,1/30/2021,,2/6/2021,Converse Lux Suede Gray Hidden Wedge 9,Completed,Connecticut,Minnesota,36,4.99,40.99,0,3.6,1.34,0,31.06,2.6,,
m98012970716,3/24/2021,,3/29/2021,NWT Lightweight Flowy Cardigan Donni,Completed,Connecticut,Minnesota,20,0,20,3.65,2,0.88,0,13.47,1.27,,
m56070099812,3/26/2021,,4/4/2021,Brandy Melville White Sweatpants,Completed,Connecticut,Minnesota,9,0,9,3.65,0.9,0.56,0,3.89,0.57,,
m60346632618,4/18/2021,,4/23/2021,OPI Nail Polish Bundle Nude Red Pink,Completed,Connecticut,Minnesota,16,0,16,3.65,1.6,0.76,0,9.99,1.02,,
m71798236875,4/20/2021,,4/28/2021,Reserved Listing,Completed,Connecticut,Minnesota,7,3.65,10.65,0,0.7,0.5,0,5.8,0.68,,
m12212366375,4/13/2021,,5/1/2021,New Calvin Klein Plaid Joggers Medium,Completed,Connecticut,Minnesota,25,0,25,3.65,2.5,1.03,0,17.82,1.59,,
m88126396215,5/3/2021,,5/10/2021,Bundle For Kennedy,Completed,Connecticut,Minnesota,45,0,45,3.65,4.5,1.61,0,35.24,2.86,,
m92210434688,6/9/2021,,6/15/2021,Blue Gray Fuzzy Blitzen Crocs W9 M7 NEW,Completed,Connecticut,Minnesota,36,5.99,0,3.6,1.34,0,31.06,2.67,0,,
m70934031364,9/1/2021,,9/8/2021,Walt Disney World VTG Fleece Pullover,Completed,Connecticut,Minnesota,18,3.65,0,1.8,0.82,0,15.38,1.37,0,,
m17224160593,10/29/2021,,11/8/2021,Cutco Gourmet Set Knife Block 5 Slot Space Knives Wood Oak Slicer Santoku,Completed,Connecticut,Minnesota,20,9.99,0,2,0.88,0,17.12,1.9,0,,
m47115825555,1/15/2021,,1/24/2021,"Weatherproof ""Vintage Mens Shoes sz 12""",Completed,Florida,Minnesota,20,0,20,4.99,2,0.88,0,12.13,0,,
m37108834753,1/18/2021,,1/27/2021,Outdoor Research Jacket Small Black,Completed,Florida,Minnesota,25,4.99,29.99,0,2.5,1.03,0,21.47,0,,
m42177683408,1/22/2021,,1/28/2021,White High Top Converse Womens 8,Completed,Florida,Minnesota,27,0,27,4.99,2.7,1.08,0,18.23,0,,
m41497874936,2/9/2021,,2/16/2021,Starbucks Tropical Clear Venti Tumbler,Completed,Florida,Minnesota,14,3.49,17.49,0,1.4,0.71,0,11.89,0,,
m81319207765,2/9/2021,,2/17/2021,New CeraVe Skin Renewing Gel Oil Serum,Completed,Florida,Minnesota,18,0,18,3.49,1.8,0.82,0,11.89,0,,
m55032907259,2/11/2021,,2/17/2021,Black Aerie Joggers womens small,Completed,Florida,Minnesota,15,0,15,3.49,1.5,0.74,0,9.27,0,,
m82052236674,2/14/2021,,2/19/2021,Nike Vintage Hoodie Jacket Zip Up Medium,Completed,Florida,Minnesota,35,0,35,3.49,3.5,1.32,0,26.69,0,,
m77307710572,2/15/2021,,2/19/2021,VS Pink Long Sleeve Womens XS,Completed,Florida,Minnesota,14,3.49,17.49,0,1.4,0.71,0,11.89,0,,
m66114786932,2/16/2021,,2/19/2021,Tervis Tumblers New England Patriots NFL,Completed,Florida,Minnesota,30,0,30,4.99,3,1.17,0,20.84,0,,
m34747797460,2/8/2021,,2/20/2021,"Charlotte the Cat 5"" Squishmallow",Completed,Florida,Minnesota,16,0,16,3.49,1.6,0.76,0,10.15,0,,
m96553167092,2/25/2021,,3/3/2021,Fred Grub Mugs New Sweet n Salty Recipes,Completed,Florida,Minnesota,18,0,18,4.99,1.8,0.82,0,10.39,0,,
m16077965718,2/28/2021,,3/5/2021,Green Bay Packers Long Sleeve Large,Completed,Florida,Minnesota,15,3.49,18.49,0,1.5,0.74,0,12.76,0,,
m10460259805,3/3/2021,,3/8/2021,Kate Spade iphone 11 case rose gold,Completed,Florida,Minnesota,7,3.49,10.49,0,0.7,0.5,0,5.8,0,,
m98638409424,3/7/2021,,3/16/2021,Two Starbucks Rainbow Confetti Cold Cup,Completed,Florida,Minnesota,23,0,23,3.65,2.3,0.97,0,16.08,0,,
m17590509864,3/14/2021,,3/21/2021,Starbucks Mermaid Tail Tumbler NWT,Completed,Florida,Minnesota,25,4.8,29.8,0,2.5,1.03,0,21.47,0,,
m31939182222,3/22/2021,,3/27/2021,Sherpa Columbia Hoodie Oversized Brown,Completed,Florida,Minnesota,25,0,25,4.99,2.5,1.03,0,16.48,0,,
m58548931785,3/27/2021,,4/3/2021,NWT TenTree Choose Happiness T Shirt,Completed,Florida,Minnesota,15,3.49,18.49,0,1.5,0.74,0,12.76,0,,
m16576925694,3/31/2021,,4/5/2021,Two High Waisted Leggings New,Completed,Florida,Minnesota,17,0,17,3.65,1.7,0.79,0,10.86,0,,
m75292855134,3/29/2021,,4/6/2021,Squirrel Neck Pillow Squishmallow Travel,Completed,Florida,Minnesota,15,0,15,4.8,1.5,0.74,0,7.96,0,,
m25040530484,4/4/2021,,4/8/2021,Starbucks Ceramic / Rubber Mug with Lid,Completed,Florida,Minnesota,18,4.8,22.8,0,1.8,0.82,0,15.38,0,,
m28737508799,4/5/2021,,4/9/2021,NWT Croft & Barrow Black Jacket Denim,Completed,Florida,Minnesota,23,0,23,3.49,2.3,0.97,0,16.24,0,,
m96340968193,4/14/2021,,4/19/2021,China Glaze Nail Polish Bundle Purple,Completed,Florida,Minnesota,18,0,18,3.65,1.8,0.82,0,11.73,0,,
m63768565170,4/21/2021,,4/27/2021,Vera Bradley Crossbody Purse Blue Green,Completed,Florida,Minnesota,21,0,21,3.65,2.1,0.91,0,14.34,0,,
m92436773788,4/23/2021,,4/30/2021,Blue Under Armour Capri Leggings Small,Completed,Florida,Minnesota,19,0,19,3.65,1.9,0.85,0,12.6,0,,
m93986362350,4/30/2021,,5/7/2021,Underdog T Shirt Disney Nickelodeon NBC,Completed,Florida,Minnesota,14,3.65,17.65,0,1.4,0.71,0,11.89,0,,
m92047194762,5/1/2021,,5/8/2021,Madewell Black Jeans,Completed,Florida,Minnesota,10,0,10,3.65,1,0.59,0,4.76,0,,
m90618679107,5/7/2021,,,Like New VS Pink Flip Flops Blue 5 6,In process,Florida,Minnesota,18,0,18,3.65,1.8,0.82,0,11.73,0,,
m44888181092,5/3/2021,,5/10/2021,Pizza Stone Set for baking New In Box,Completed,Florida,Minnesota,14,7.99,21.99,0,1.4,0.71,0,11.89,0,,
m65012377989,6/14/2021,,6/21/2021,Childrens 7 Black Nike Sandals Slip Ons,Completed,Florida,Minnesota,20,0,3.65,2,0.88,0,13.47,0,0,,
m64285022240,6/25/2021,,6/28/2021,Starbucks China Glass Milk Carton Mug,Completed,Florida,Minnesota,31,5.99,0,3.1,1.2,0,26.7,0,0,,
m42011400556,7/27/2021,,8/3/2021,Pyrex 024 Pink Flamingo Round Casserole,Completed,Florida,Minnesota,33,7.99,0,3.3,1.26,0,28.44,3.07,0,,
m11718005200,8/2/2021,,8/6/2021,Starbucks Christmas Santa Tumbler Snow,Completed,Florida,Minnesota,40,7.99,0,4,1.46,0,34.54,3.36,0,,
m75702057558,7/31/2021,,8/7/2021,NWT Starbucks Pink Orange Floral Tumbler,Completed,Florida,Minnesota,21,4.8,0,2.1,0.91,0,17.99,1.81,0,,
m62686889116,8/8/2021,,8/12/2021,Aerie Sage Green Lace V Neck Bralette,Completed,Florida,Minnesota,15,0,3.65,1.5,0.74,0,9.11,0,0,,
m37322838490,8/21/2021,,8/25/2021,Pyrex Butterfly Gold 2 Cinderella Bowls,Completed,Florida,Minnesota,70,9.99,0,7,2.33,0,60.67,5.6,0,,
m74240154766,8/28/2021,,9/1/2021,Starbucks Clear Replacement Lid,Completed,Florida,Minnesota,5,3.65,0,0.5,0.45,0,4.05,0.61,0,,
m60930810569,9/5/2021,,9/11/2021,Starbucks Metal Pineapple Tumbler Grande,Completed,Florida,Minnesota,35,5.99,0,3.5,1.32,0,30.18,3.07,0,,
m77984916001,10/18/2021,,10/24/2021,Green Bay Packers T-Shirt Womens Medium Gray Camo Teen Apparel,Completed,Florida,Minnesota,15,0,3.65,1.5,0.74,0,9.11,1.05,0,,
m60155697472,1/31/2021,,2/7/2021,Nike Free Run Flyknit Shoes size 8,Completed,Georgia,Minnesota,28,0,28,3.49,2.8,1.11,0,20.6,1.96,,
m47640218636,1/30/2021,,2/7/2021,Starbucks Air Freshener Peppermint Mocha,Completed,Georgia,Minnesota,25,3.49,28.49,0,2.5,1.03,0,21.47,2.28,,
m97703599212,2/25/2021,,3/3/2021,Woodstock Vintage Sweatshirt Small,Completed,Georgia,Minnesota,14,0,14,3.49,1.4,0.71,0,8.4,0.98,,
m49805716343,2/24/2021,,3/5/2021,Adidas Joggers Track Pants Black Gray Sm,Completed,Georgia,Minnesota,20,3.49,23.49,0,2,0.88,0,17.12,1.64,,
m46377522955,3/14/2021,,3/23/2021,Pampered Chef Food Chopper With Box,Completed,Georgia,Minnesota,20,0,20,4.8,2,0.88,0,12.32,1.4,,
m99148738726,3/26/2021,,4/1/2021,Aerie Soft Cotton Joggers Sweatpants,Completed,Georgia,Minnesota,12,0,12,3.65,1.2,0.65,0,6.5,0.84,,
m93231628174,4/16/2021,,4/19/2021,New Gray Floral Crocs W10 Vera Bradley,Completed,Georgia,Minnesota,35,4.8,39.8,0,3.5,1.32,0,30.18,2.79,,
m59138561081,9/12/2021,,9/16/2021,"NEW Bella Vita Blue Velvet Heels Jolie II 2 Pointed Toe Mary Jane 2"" Size 9",Completed,Georgia,Minnesota,37,12,0,3.7,1.37,0,31.93,2.94,0,,
m31791999348,9/11/2021,,9/19/2021,Vera Bradley Tutti Frutti Mini Tote Bag,Completed,Georgia,Minnesota,14,0,3.65,1.4,0.71,0,8.24,0.98,0,,
m91753705505,10/10/2021,,10/14/2021,Littlest Pet Shop LPS Happiest Bunny Pink Plush Rare 2008 Hasbro,Completed,Georgia,Minnesota,16,4.8,0,1.6,0.76,0,13.64,1.66,0,,
m88221108981,11/6/2021,,11/13/2021,Vineyard Vines Navy Blue Kids Large T Shirt Whale,Completed,Georgia,Minnesota,12,0,3.65,1.2,0.65,0,6.5,0.84,0,,
m11277068245,11/5/2021,,11/13/2021,UGG Cozy II 2 Sheepskin Shearling Suede Slippers Kids Juniors 3 Girls,Completed,Georgia,Minnesota,24,5.99,0,2.4,1,0,20.6,2.1,0,,
m29143700059,11/25/2021,,12/2/2021,Vintage Disney Winnie the Pooh Embroidered Button Up Long Sleeve Christmas XL,Completed,Georgia,Minnesota,30,0,3.65,3,1.17,0,22.18,1.8,0,,
m54802644822,1/22/2021,,1/26/2021,RTIC Teal Mug Mini tumbler,Completed,Hawaii,Minnesota,16,0,16,4.99,1.6,0.76,0,8.65,0.72,,
m25355185259,8/13/2021,,8/18/2021,Starbucks China Black Leather Jacket Mug,Completed,Hawaii,Minnesota,34,5.99,0,3.4,1.29,0,29.31,1.8,0,,
m80074816690,8/12/2021,,8/20/2021,Anthropologie Paints and Petals Apron,Completed,Hawaii,Minnesota,27,0,3.65,2.7,1.08,0,19.57,1.08,0,,
m86395948716,1/6/2021,,1/13/2021,Adidas Cloudfoam Slip-on Slides gray 7.5,Completed,Idaho,Minnesota,20,0,20,4.99,2,0,0,13.01,1.2,,
m72686948695,1/30/2021,,2/4/2021,Panic! at the Disco Long Sleeve Small,Completed,Idaho,Minnesota,15,0,15,3.49,1.5,0.74,0,9.27,0.9,,
m29961993628,3/9/2021,,3/16/2021,Two Lululemon Masks Mauve and White New,Completed,Idaho,Minnesota,19,3.49,22.49,0,1.9,0.85,0,16.25,1.14,,
m17549615041,6/17/2021,,6/24/2021,NEW Emerald Green Chacos W8 Sandals,Completed,Idaho,Minnesota,50,0,4.8,5,1.75,0,38.45,3,0,,
m84982532737,10/18/2021,,10/25/2021,Pyrex Old Town Blue Gravy Boat and Plate Corelle Blue Onion Saucer Underplate,Completed,Idaho,Minnesota,30,7.99,0,3,1.17,0,25.83,1.8,0,,
m34581674650,1/25/2021,,2/2/2021,Black High Top Converse womens 7.5,Completed,Illinois,Minnesota,22,0,22,3.49,2.2,0.94,0,15.37,1.38,,
m20060134018,1/27/2021,,2/2/2021,Starbucks Lilac Mint ombre tumbler HTF,Completed,Illinois,Minnesota,35,3.49,38.49,0,3.5,1.32,0,30.18,2.41,,
m98733274609,2/8/2021,,2/18/2021,"Winston the Owl 5"" Squismallow NWOT",Completed,Illinois,Minnesota,11,0,11,3.49,1.1,0.62,0,5.79,0.69,,
m30916633563,2/7/2021,,2/20/2021,"Cici the Red Panda 5"" Squishmallow",Completed,Illinois,Minnesota,15,0,15,3.49,1.5,0.74,0,9.27,0.94,,
m86273779977,2/22/2021,,2/25/2021,Vans Leather Slip On Skate Shoes Black,Completed,Illinois,Minnesota,18,3.49,21.49,0,1.8,0.82,0,15.38,1.34,,
m76715770431,3/2/2021,,3/12/2021,Nike Stirrup Leggings Large black yoga,Completed,Illinois,Minnesota,20,3.49,23.49,0,2,0.88,0,17.12,1.47,,
m82629784444,3/22/2021,,3/25/2021,Long Sleeve Swimsuit Rash Guard Medium,Completed,Illinois,Minnesota,19,0,19,3.65,1.9,0.85,0,12.6,1.19,,
m48852415264,4/3/2021,,4/7/2021,Cuddl Duds Gray Leopard Fleece Half Zip,Completed,Illinois,Minnesota,20,3.65,23.65,0,2,0.88,0,17.12,1.48,,
m69780438359,4/21/2021,,4/26/2021,NEW $179 Maaji Reversible Leggings Large,Completed,Illinois,Minnesota,29,0,29,3.65,2.9,1.14,0,21.31,1.81,,
m71601173988,5/2/2021,,5/7/2021,Green Bay Packers Long Sleeve Shirt 2XL,Completed,Illinois,Minnesota,33,0,33,3.65,3.3,1.26,0,24.79,2.06,,
m29221252291,5/11/2021,,,Minnesota Vikings 3T Boy's Bomber Jacket,In process,Illinois,Minnesota,17,0,17,3.65,1.7,0.79,0,10.86,1.06,,
m90050235148,5/4/2021,,5/13/2021,Green Bay Packers Womens Large Bundle,Completed,Illinois,Minnesota,35,5.99,40.99,0,3.5,1.32,0,30.18,2.56,,
m56921037482,5/9/2021,,5/13/2021,Joggers Pants Womens Medium Bundle,Completed,Illinois,Minnesota,21,0,21,3.65,2.1,0.91,0,14.34,1.31,,
m87406957598,6/22/2021,,6/24/2021,Portable UV Sanitizing Bag Purse Safe,Completed,Illinois,Minnesota,28,0,4.8,2.8,1.11,0,19.29,1.75,0,,
m77591351477,7/6/2021,,7/13/2021,Pottery Barn Chunky Knit Throw Blanket,Completed,Illinois,Minnesota,50,0,9.99,5,1.75,0,33.26,3.13,0,,
m38213958171,7/24/2021,,7/30/2021,NEW Leather Teal Crossbody Phone Bag,Completed,Illinois,Minnesota,22,0,4.8,2.2,0.94,0,14.06,1.38,0,,
m86160201334,7/30/2021,,8/2/2021,Wildlife Adventures Hedgehog Plush,Completed,Illinois,Minnesota,18,4.8,0,1.8,0.82,0,15.38,1.43,0,,
m34050190445,8/10/2021,,8/13/2021,Starbucks Aqua Blue Matte Replaced Lid,Completed,Illinois,Minnesota,12,3.65,0,1.2,0.65,0,10.15,0.98,0,,
m86347356991,8/13/2021,,8/17/2021,Starbucks Korea Hedgehog Cactus Tumbler,Completed,Illinois,Minnesota,38,7.99,0,3.8,1.4,0,32.8,2.87,0,,
m77305376059,8/19/2021,,8/24/2021,NWT Starbucks Gold Grande SS Tumbler,Completed,Illinois,Minnesota,35,7.99,0,3.5,1.32,0,30.18,2.69,0,,
m52920358472,8/25/2021,,9/1/2021,Black Off Shoulder Fruit Dress Pineapple,Completed,Illinois,Minnesota,18,0,3.65,1.8,0.82,0,11.73,1.13,0,,
m41390181430,9/17/2021,,9/20/2021,NWT Starbucks Patches Venti Tumbler HTF,Completed,Illinois,Minnesota,47,7.99,0,4.7,1.66,0,40.64,3.44,0,,
m80661352960,10/17/2021,,10/22/2021,Foreign Exchange Peach Orange Lace Bralette Racerback Medium,Completed,Illinois,Minnesota,19,0,3.65,1.9,0.85,0,12.6,1.19,0,,
m94654729115,10/23/2021,,11/2/2021,NWT Starbucks Rose Gold Hammered Venti Tumbler Pink cold cup,Completed,Illinois,Minnesota,34,12,0,3.4,1.29,0,29.31,2.88,0,,
m11240892541,11/5/2021,,11/10/2021,Faux Fur Lined Black Plaid Fleece Jacket,Completed,Illinois,Minnesota,15,5.99,0,1.5,0.74,0,12.76,1.31,0,,
m58541772954,11/7/2021,,11/13/2021,Columbia Minx Slip III 3 Snow Powder Hiking Boots Womens 8 Blue Gray,Completed,Illinois,Minnesota,39,12,0,3.9,1.43,0,33.67,3.19,0,,
m15813736330,2/4/2021,,2/11/2021,Sherpa Pullover Gray ORVIS size medium,Completed,Indiana,Minnesota,34,0,34,3.49,3.4,1.29,0,25.82,2.38,,
m70515589814,3/11/2021,,3/16/2021,Keurig Iced Beverage Tumbler NWT Coffee,Completed,Indiana,Minnesota,15,0,15,3.49,1.5,0.74,0,9.27,1.05,,
m83640601245,3/23/2021,,3/29/2021,On Wednesday We Wear Pink Leggings,Completed,Indiana,Minnesota,17,3.65,20.65,0,1.7,0.79,0,14.51,1.45,,
m70889867894,4/1/2021,,4/9/2021,NEW Adidas Sweatshirt Long Sleeve Small,Completed,Indiana,Minnesota,18,0,18,3.49,1.8,0.82,0,11.89,1.26,,
m17162818870,4/17/2021,,4/25/2021,VS Pink Sage Green T Shirt Sequin Small,Completed,Indiana,Minnesota,15,3.65,18.65,0,1.5,0.74,0,12.76,1.31,,
m12381500771,5/11/2021,,,New Pet Family Picture Frame 4x6,In process,Indiana,Minnesota,9,3.65,12.65,0,0.9,0.56,0,7.54,0.89,,
m35361569499,6/17/2021,,6/25/2021,Black Classic Crocs Mens 11,Completed,Indiana,Minnesota,21,5.99,0,2.1,0.91,0,17.99,1.89,0,,
m45364849429,7/30/2021,,8/9/2021,NEW Lululemon Glass Water Bottle Set,Completed,Indiana,Minnesota,34,0,7.99,3.4,1.29,0,21.32,2.38,0,,
m17952351108,8/3/2021,,8/11/2021,Hollister Crewneck Sweatshirt Navy Blue,Completed,Indiana,Minnesota,12,0,3.65,1.2,0.65,2.34,4.16,0.84,0,,
m47051839675,8/13/2021,,8/23/2021,Starbucks Target Rainbow Swirl Tumbler,Completed,Indiana,Minnesota,40,7.99,0,4,1.46,0,34.54,3.36,0,,
m52965152293,9/10/2021,,9/18/2021,Tervis Tumbler Indianapolis Colts NFL,Completed,Indiana,Minnesota,22,0,4.8,2.2,0.94,0,14.06,1.54,0,,
m50751678149,10/24/2021,,10/30/2021,Adidas Royal Blue Quarter Zip Pullover M,Completed,Indiana,Minnesota,19,0,3.65,1.9,0.85,0,12.6,1.33,0,,
m54508277817,1/14/2021,,1/22/2021,Panic at the disco hoodie medium,Completed,Iowa,Minnesota,16,0,16,4.99,1.6,0.76,0,8.65,1.12,,
m42562964286,1/27/2021,,1/30/2021,6PC Huge Aromatherapy Bundle essential,Completed,Iowa,Minnesota,17,3.49,20.49,0,1.7,0.79,0,14.51,1.19,,
m32871164154,2/12/2021,,2/24/2021,Veggie Bullet with blender and 7 blades,Completed,Iowa,Minnesota,70,9.99,79.99,0,7,2.33,0,60.67,4.9,,
m27937413539,3/15/2021,,3/20/2021,Nike Running Shorts Black SM Dri Fit,Completed,Iowa,Minnesota,11,3.49,14.49,0,1.1,0.62,0,9.28,0.77,,
m74827775900,4/1/2021,,4/6/2021,Torrid Curvy Bralette 3 Plus Size Lace,Completed,Iowa,Minnesota,20,3.65,23.65,0,2,0.88,0,17.12,1.4,,
m41931538759,5/11/2021,,,I Miss My Dogs Hoodie - We Rate Dogs SM,In process,Iowa,Minnesota,16,0,16,3.49,1.6,0.76,0,10.15,1.12,,
m97418165082,8/20/2021,,8/26/2021,Starbucks Black Matte Bubba Tumbler HTF,Completed,Iowa,Minnesota,95,0,7.99,9.5,3.06,0,74.45,6.65,0,,
m98944201316,11/3/2021,,11/10/2021,Athleta Black Long Sleeve Tunic Dress Asymmetrical Hem,Completed,Iowa,Minnesota,17,0,3.65,1.7,0.79,0,10.86,1.19,0,,
m74020847704,1/9/2021,,1/18/2021,Adidas Leggings womens large,Completed,Kansas,Minnesota,15,3.49,18.49,0,1.5,0.74,0,12.76,0,,
m18180033118,3/13/2021,,3/21/2021,Nature Backs Sweatshirt Black Medium,Completed,Kansas,Minnesota,12,3.49,15.49,0,1.2,0.65,0,10.15,0,,
m71083026633,4/11/2021,,4/16/2021,Panic at the disco long sleeve shirt,Completed,Kansas,Minnesota,15,0,15,3.65,1.5,0.74,0,9.11,0,,
m38592337002,4/15/2021,,4/21/2021,Boys Batman Crocs J1,Completed,Kansas,Minnesota,17,0,17,3.65,1.7,0.79,0,10.86,0,,
m63501873191,5/2/2021,,5/6/2021,wildflower case iphone x xr yellow plaid,Completed,Kansas,Minnesota,6,3.65,9.65,0,0.6,0.47,0,4.93,0,,
m22750015027,5/13/2021,,,Starbucks Rainbow Dome Tumbler,In process,Kansas,Minnesota,35,0,35,5.99,3.5,1.32,0,24.19,0,,
m85996505493,8/10/2021,,8/16/2021,Star Wars Black Classic Crocs M6 W8,Completed,Kansas,Minnesota,35,5.99,0,3.5,1.32,0,30.18,0,0,,
m28297829639,10/26/2021,,11/4/2021,2 Enesco Egg Collection Easter Bunny Set,Completed,Kansas,Minnesota,17,4.8,0,1.7,0.79,0,14.51,1.98,0,,
m60728375578,2/16/2021,,2/23/2021,Fordham University Fleece Hoodie XL,Completed,Kentucky,Minnesota,20,0,20,3.49,2,0.88,0,13.63,1.2,,
m20168642811,2/17/2021,,2/23/2021,Greys Anatomy Hospital Sweatshirt Small,Completed,Kentucky,Minnesota,15,3.49,18.49,0,1.5,0.74,0,12.76,1.11,,
m51240240559,3/11/2021,,3/25/2021,Starbucks Mermaid Tail Tumbler NWT,Completed,Kentucky,Minnesota,28,0,28,3.65,2.8,1.11,0,20.44,2.66,,
m48448878910,3/22/2021,,3/27/2021,PINK Heather Gray Sweatshirt Fleece,Completed,Kentucky,Minnesota,22,0,22,3.49,2.2,0.94,0,15.37,1.32,,
m61707627036,3/24/2021,,4/1/2021,Victoria's Secret PINK Sweatshirt Small,Completed,Kentucky,Minnesota,17,0,17,3.65,1.7,0.79,0,10.86,1.02,,
m19776758685,9/27/2021,,10/9/2021,Vintage Havana Sneakers Vandal Rose Gold Pink Black Glitter High Top W8,Completed,Kentucky,Minnesota,32,7.99,0,3.2,1.23,0,27.57,2.4,0,,
m55388937266,11/16/2021,,12/2/2021,NWT Starbucks Water Bottle Drink Tracker Employee Exclusive Tritan Vertex Refill,Completed,Kentucky,Minnesota,19,4.8,0,1.9,0.85,0,16.25,1.43,0,,
m47111780075,1/25/2021,,2/1/2021,Baby Pink Converse All Star size nine,Completed,Louisiana,Minnesota,22,0,22,4.99,2.2,0.94,0,13.87,2.08,,
m63806580338,2/21/2021,,2/28/2021,Cecile Rey American Girl Doll HTF,Completed,Louisiana,Minnesota,145,9.99,154.99,0,14.5,4.51,0,125.99,15.42,,
m31827660505,3/15/2021,,3/21/2021,Gelish New Gel Nail Polish Bundle Minis,Completed,Louisiana,Minnesota,33,3.65,36.65,0,3.3,1.26,0,28.44,3.46,,
m22709209894,3/17/2021,,3/23/2021,NEW Adidas Sweatshirt Long Sleeve Large,Completed,Louisiana,Minnesota,17,3.49,20.49,0,1.7,0.79,0,14.51,1.73,,
m72923815391,4/3/2021,,4/8/2021,Crocs Jibbitz Bundle Nature Wild Things,Completed,Louisiana,Minnesota,25,3.65,28.65,0,2.5,1.03,0,21.47,2.31,,
m45128431277,5/7/2021,,5/13/2021,Ivory Ella Long Sleeve Bundle,Completed,Louisiana,Minnesota,32,0,32,3.65,3.2,1.23,0,23.92,2.78,,
m36594097666,7/7/2021,,7/24/2021,Snuggle Puppy Dog Anxiety Calming Toy,Completed,Louisiana,Minnesota,24,5.99,0,2.4,1,0,20.6,2.98,0,,
m41678561333,8/2/2021,,8/6/2021,3/4 Sleeve Sage Green V Neck Dress M,Completed,Louisiana,Minnesota,16,0,3.65,1.6,0.76,1.15,8.84,1.35,0,,
m11171749336,8/3/2021,,8/8/2021,Ralph Lauren Womens Wedge Thong Sandals,Completed,Louisiana,Minnesota,19,5.99,0,1.9,0.85,0,16.25,2.11,0,,
m11573330005,10/14/2021,,10/22/2021,White CorningWare RangeTopper Skillet,Completed,Louisiana,Minnesota,16,7.99,0,1.6,0.76,0,13.64,2.39,0,,
m32736964585,11/17/2021,,11/23/2021,Tommy Hilfiger Biker Ankle Boots w Buckle Twilona Strap 8M Black Gold Red,Completed,Louisiana,Minnesota,24,12,0,2.4,1,0,20.6,3.04,0,,
m19875642899,2/4/2021,,2/9/2021,Maroon Fall Utility Jacket XS XL Hoodie,Completed,Maine,Minnesota,23,0,23,3.49,2.3,0.97,0,16.24,1.27,,
m37826901441,2/28/2021,,3/4/2021,U PICK 2- Hoodie Bundle Medium,Completed,Maine,Minnesota,30,3.49,33.49,0,3,1.17,0,25.83,1.65,,
m89173179512,3/1/2021,,3/6/2021,Dinosaur Sweatshirt Womens Medium Black,Completed,Maine,Minnesota,12,0,12,3.49,1.2,0.65,0,6.66,0.66,,
m25905040558,3/31/2021,,4/6/2021,Black Plaid Old Navy Pajama Pants,Completed,Maine,Minnesota,10,0,10,3.65,1,0.59,0,4.76,0.55,,
m35118909690,7/30/2021,,8/6/2021,Starbucks Venti Magenta SS Tumbler Rare,Completed,Maine,Minnesota,57,7.99,0,5.7,1.95,0,49.35,3.14,0,,
m14924302490,1/10/2021,,1/23/2021,Gray Nike Tanjun Casual Sneakers size 7,Completed,Maryland,Minnesota,16,4.6,20.6,0,1.6,0.76,0,13.64,0.96,,
m96693654352,1/25/2021,,1/31/2021,Toms Fuzzy Gray Boots size 7.5,Completed,Maryland,Minnesota,22,0,22,4.99,2.2,0.94,0,13.87,1.32,,
m86331946044,1/30/2021,,2/5/2021,Adidas Bomber Jacket in Black,Completed,Maryland,Minnesota,12,3.49,15.49,0,1.2,0.65,0,10.15,0.72,,
m27576862680,2/3/2021,,2/11/2021,XXL 2x Calvin Klein Long Sleeve Pullover,Completed,Maryland,Minnesota,15,0,15,3.49,1.5,0.74,0,9.27,0.9,,
m17236258909,2/17/2021,,2/21/2021,Stainless steel red starbucks tumbler,Completed,Maryland,Minnesota,11,0,11,3.49,1.1,0.62,0,5.79,0.66,,
m30107064516,2/21/2021,,2/26/2021,"Tim the Llama 8"" Squishmallow NWT",Completed,Maryland,Minnesota,24,3.49,27.49,0,2.4,1,0,20.6,1.44,,
m69123731322,2/17/2021,,3/2/2021,Leggings Bundle Black Small Womens,Completed,Maryland,Minnesota,12,3.49,15.49,0,1.2,0.65,0,10.15,0.72,,
m14467743105,3/22/2021,,3/28/2021,Starbucks Black Stainless Steel Tumbler,Completed,Maryland,Minnesota,18,3.65,21.65,0,1.8,0.82,0,15.38,1.08,,
m18211082232,3/18/2021,,3/28/2021,Athleta Blue Leggings Medium,Completed,Maryland,Minnesota,19,0,19,3.65,1.9,0.85,0,12.6,1.14,,
m43438312804,3/23/2021,,4/9/2021,2 Lace Cap Sleeve Bralettes Medium,Completed,Maryland,Minnesota,15,0,15,3.49,1.5,0.74,0,9.27,0.9,,
m13100689648,4/5/2021,,4/12/2021,Adidas Black Leggings Girls Medium,Completed,Maryland,Minnesota,14,3.65,17.65,0,1.4,0.71,0,11.89,0.84,,
m41545750005,4/21/2021,,4/29/2021,Converse Waterproof Hi Top Boots Black,Completed,Maryland,Minnesota,51,5.99,56.99,0,5.1,1.78,0,44.12,3.06,,
m37851340717,7/20/2021,,7/29/2021,Audubon Backyard Birds Singing Plush Set,Completed,Maryland,Minnesota,38,0,5.99,3.8,1.4,0,26.81,2.28,0,,
m95103420000,11/19/2021,,11/30/2021,Bath and Body Works Cocktail Drink Wallflower Plug In Margarita Daiquiri,Completed,Maryland,Minnesota,16,0,3.65,1.6,0.76,0,9.99,0.96,0,,
m39089426095,1/12/2021,,1/19/2021,24 oz Venti Starbucks Clear Tumbler,Completed,Massachusetts,Minnesota,9,4.6,13.6,0,0.9,0.56,0,7.54,0.56,,
m57235474026,2/9/2021,,2/18/2021,"Sam the Dog 16"" Squishmallow",Completed,Massachusetts,Minnesota,40,0,40,4.99,4,1.46,0,29.55,2.5,,
m93382287503,2/27/2021,,3/6/2021,NWT Philosophy Leggings Black Medium,Completed,Massachusetts,Minnesota,25,0,25,3.49,2.5,1.03,0,17.98,0,,
m65887445458,3/7/2021,,3/15/2021,VS PINK Black Leggings High Waisted,Completed,Massachusetts,Minnesota,15,3.49,18.49,0,1.5,0.74,0,12.76,0,,
m44786929281,3/13/2021,,3/21/2021,Gray Sherpa Hoodie Womens Medium,Completed,Massachusetts,Minnesota,10,3.49,13.49,0,1,0.59,0,8.41,0,,
m63011109174,3/18/2021,,3/23/2021,Ivory Ella Long Sleeve Pink Mandala Smal,Completed,Massachusetts,Minnesota,20,0,20,3.49,2,0.88,0,13.63,0,,
m38805190184,4/1/2021,,4/5/2021,Teal Adidas Fleece Lined Hoodie,Completed,Massachusetts,Minnesota,16,0,16,3.65,1.6,0.76,0,9.99,0,,
m13005926560,4/28/2021,,5/4/2021,Black Nike Air Force 1 W8 6Y,Completed,Massachusetts,Minnesota,28,0,28,7.99,2.8,1.11,0,16.1,0,,
m43131092631,5/2/2021,,5/10/2021,Women XS Summer Athletic Clothing Bundle,Completed,Massachusetts,Minnesota,40,5.99,45.99,0,4,1.46,0,34.54,0,,
m17173582906,5/4/2021,,5/13/2021,Calvin Klein Performance Sweatshirt LG,Completed,Massachusetts,Minnesota,14,0,14,3.65,1.4,0.71,0,8.24,0,,
m56033752228,6/20/2021,,7/1/2021,Black Nike Flex Contact Womens Shoes 8.5,Completed,Massachusetts,Minnesota,18,0,3.65,1.8,0.82,0,11.73,0,0,,
m79630300903,6/26/2021,,7/6/2021,W7 Hot Pink Classic Crocs Clogs Sandals,Completed,Massachusetts,Minnesota,30,4.8,0,3,1.17,0,25.83,0,0,,
m22294857615,7/30/2021,,8/2/2021,Starbucks Magenta Pink Replacement Lid,Completed,Massachusetts,Minnesota,12,3.65,0,1.2,0.65,0,10.15,0.75,0,,
m17409012988,7/31/2021,,8/7/2021,Pyrex 401 Harvest Wheat Orange Mini Bowl,Completed,Massachusetts,Minnesota,13,5.99,0,1.3,0.68,0,11.02,0.81,0,,
m92403836978,8/29/2021,,9/3/2021,Red V Neck Fit n Flare Long Sleeve Dress,Completed,Massachusetts,Minnesota,17,0,3.65,1.7,0.79,2.34,8.52,0,0,,
m36657458165,10/15/2021,,10/18/2021,VS PINK Gray Black Sequin Hoodie Leopard Print Medium Oversized,Completed,Massachusetts,Minnesota,35,0,3.65,3.5,1.32,8.35,18.18,0,0,,
m12656086285,1/25/2021,,1/31/2021,Womens 7 Vans Slip Ons Slides White,Completed,Michigan,Minnesota,18,0,18,4.6,1.8,0.82,0,10.78,1.08,,
m61385871155,1/25/2021,,2/1/2021,The North Face Womens Hoodie Purple XL,Completed,Michigan,Minnesota,24,3.49,27.49,0,2.4,1,0,20.6,1.65,,
m54490748661,1/26/2021,,2/1/2021,Adidas Superstars Rose Gold 6.5,Completed,Michigan,Minnesota,12,0,12,4.99,1.2,0.65,0,5.16,0.72,,
m25209087735,1/28/2021,,2/4/2021,XL T Packers Hoodie Womens Mens NFL,Completed,Michigan,Minnesota,28,4.99,32.99,0,2.8,1.11,0,24.09,1.98,,
m45370998375,2/6/2021,,2/12/2021,Medium Womens Pink Black Sherpa Jacket,Completed,Michigan,Minnesota,11,4.99,15.99,0,1.1,0.62,0,9.28,0.96,,
m38875386946,2/21/2021,,2/24/2021,Black Rainbow Crocs W 8 Like New,Completed,Michigan,Minnesota,35,0,35,3.49,3.5,1.32,0,26.69,2.1,,
m42358395056,3/27/2021,,4/2/2021,Nike Blue Capri Leggings Medium,Completed,Michigan,Minnesota,27,0,27,3.65,2.7,1.08,0,19.57,1.62,,
m73958010314,4/1/2021,,4/6/2021,Black Floral Sweatpants Womens Small,Completed,Michigan,Minnesota,9,0,9,3.65,0.9,0.56,0,3.89,0.54,,
m89218674646,3/30/2021,,4/6/2021,New Fuzzy Floral Crocs Freesail W9 Gray,Completed,Michigan,Minnesota,34,0,34,5.99,3.4,1.29,0,23.32,2.04,,
m37340988421,4/11/2021,,4/16/2021,Womens Small Luxury Leggings Bundle,Completed,Michigan,Minnesota,25,4.8,29.8,0,2.5,1.03,0,21.47,1.79,,
m43066335948,4/21/2021,,4/26/2021,Green Bay Packers T Shirt Womens Small,Completed,Michigan,Minnesota,10,3.49,13.49,0,1,0.59,0,8.41,0.81,,
m24098639555,5/6/2021,,5/11/2021,Lululemon Navy Blue Zip Up Jacket,Completed,Michigan,Minnesota,16,0,16,3.65,1.6,0.76,0,9.99,0.96,,
m97930108471,5/9/2021,,5/14/2021,2 Pairs Aerie Black Leggings Medium New,Completed,Michigan,Minnesota,20,0,20,3.65,2,0.88,0,13.47,1.2,,
m28867437366,6/20/2021,,6/29/2021,Birkenstock Salina Black sz 39 womens,Completed,Michigan,Minnesota,45,0,4.8,4.5,1.61,7.2,26.89,2.7,0,,
m57407651289,6/26/2021,,7/3/2021,Pyrex 13 Snowflake Divided Dish with Lid,Completed,Michigan,Minnesota,50,9.99,0,5,1.75,0,43.25,3.6,0,,
m63269713589,6/30/2021,,7/10/2021,Set of 5 Pyrex Casserole Bowl Glass Lids,Completed,Michigan,Minnesota,40,9.99,0,4,1.46,0,34.54,3,0,,
m34174010287,10/23/2021,,10/31/2021,Crocs W4 Black Monterey Bead Flip Flops,Completed,Michigan,Minnesota,17,5.99,0,1.7,0.79,0,14.51,1.38,0,,
m93108984122,11/4/2021,,11/9/2021,Ugg Australia Bailey Boots Triplet Triple Button Chestnut Suede Sheepskin 7.5,Completed,Michigan,Minnesota,31,12,0,3.1,1.2,0,26.7,2.58,2,,
m35108383060,1/22/2021,,1/27/2021,Rose Apothecary Schitts Creek Long sleev,Completed,Minnesota,Minnesota,12,4.99,16.99,0,1.2,0.65,0,10.15,0,,
m39850504442,1/28/2021,,2/4/2021,Adidas Crop Jacket Long Sleeve Large,Completed,Minnesota,Minnesota,14,0,14,3.49,1.4,0.71,0,8.4,0,,
m18517518846,2/11/2021,,2/14/2021,Black Adidas Cloudfoam Shoes Women's 10,Completed,Minnesota,Minnesota,25,0,25,3.49,2.5,1.03,0,17.98,0,,
m39423127990,2/9/2021,,2/14/2021,NDSU Pullover Hoodie North Dakota Medium,Completed,Minnesota,Minnesota,20,0,20,3.49,2,0.88,0,13.63,0,,
m33331619069,2/12/2021,,2/19/2021,Athleta Black Leggings Womens Large,Completed,Minnesota,Minnesota,30,0,30,3.49,3,1.17,0,22.34,0,,
m27706764671,4/3/2021,,4/7/2021,Satin Floral Bomber Jacket Large,Completed,Minnesota,Minnesota,21,0,21,3.65,2.1,0.91,0,14.34,0,,
m48710569606,4/8/2021,,4/14/2021,Totoro Studio Ghibli t Shirt Medium,Completed,Minnesota,Minnesota,22,0,22,3.65,2.2,0.94,0,15.21,0,,
m93784128987,7/13/2021,,7/16/2021,New FSU Seminoles Tervis Tumbler 16 oz,Completed,Minnesota,Minnesota,13,0,4.8,1.3,0.68,0,6.22,0.96,0,,
m93405825410,7/25/2021,,8/2/2021,Minnesota Twins Crocs W8 M7 W9 M6 MLB,Completed,Minnesota,Minnesota,27,0,5.99,2.7,1.08,0,17.23,0,0,,
m14039788540,8/8/2021,,8/13/2021,Patagonia Neutral Fitz Roy Hoodie Medium,Completed,Minnesota,Minnesota,40,0,3.65,4,1.46,0,30.89,0,0,,
m82429056498,8/11/2021,,8/15/2021,University of Minnesota Hoodie xl Gray,Completed,Minnesota,Minnesota,26,0,4.8,2.6,1.05,0,17.55,0,0,,
m84595389582,8/25/2021,,9/2/2021,Starbucks Cold To Go Tumbler Lid Replace,Completed,Minnesota,Minnesota,10,3.65,0,1,0.59,0,8.41,0.94,0,,
m40996786794,9/20/2021,,9/27/2021,Vintage Pyrex Harvest Wheat Small Casserole Set Orange with Lids 471 472 473 HTF,Completed,Minnesota,Minnesota,53,9.99,0,5.3,1.84,0,45.86,4.49,0,,
m55668169433,10/15/2021,,10/24/2021,PYREX Flameware 6-Cup Coffee Pot #7826B,Completed,Minnesota,Minnesota,18,9.99,0,1.8,0.82,0,15.38,2.11,0,,
m27985690092,1/24/2021,,1/30/2021,Patagonia Polo Mens xl,Completed,Mississippi,Minnesota,8,4.99,12.99,0,0.8,0.53,0,6.67,0.91,,
m17947771468,2/24/2021,,3/4/2021,Nike Flex Contact Womens 10 Running Shoe,Completed,Mississippi,Minnesota,33,0,33,3.49,3.3,1.26,0,24.95,2.31,,
m64518942287,2/17/2021,,3/6/2021,Adidas 3-Stripes Shorts Classic Small,Completed,Mississippi,Minnesota,10,0,10,3.49,1,0.59,0,4.92,0.7,,
m50198630260,3/19/2021,,3/26/2021,Vera Bradley Wristlet Wallet Blue Green,Completed,Mississippi,Minnesota,18,0,18,3.65,1.8,0.82,0,11.73,1.26,,
m25425592208,3/28/2021,,4/3/2021,Under Armour Drive 4 TB Black Gold Shoes,Completed,Mississippi,Minnesota,31,5.99,36.99,0,3.1,1.2,0,26.7,2.59,,
m56439413307,4/4/2021,,4/9/2021,NWT Free People Lace Bralette Floral XS,Completed,Mississippi,Minnesota,15,0,15,3.49,1.5,0.74,0,9.27,1.05,,
m32702877502,5/3/2021,,5/11/2021,Starbucks Reserve Bundle Venti Grande,Completed,Mississippi,Minnesota,15,0,15,3.49,1.5,0.74,0,9.27,1.05,,
m58396763041,6/18/2021,,6/21/2021,Chacos W6 Sandals Gray Orange Mint Six,Completed,Mississippi,Minnesota,25,0,4.8,2.5,1.03,0,16.67,1.75,0,,
m15820307366,6/26/2021,,7/2/2021,Pyrex Big Bertha 664 Butterfly Gold Dish,Completed,Mississippi,Minnesota,90,13,0,9,2.91,0,78.09,7.21,0,,
m99464346289,7/31/2021,,8/6/2021,Pyrex White Fridgie w/ bubble lid 7 x 5,Completed,Mississippi,Minnesota,10,12,0,1,0.59,0,8.41,1.54,0,,
m62778987307,8/16/2021,,8/21/2021,Vera Bradley Chandelier Noir Lunch Bag,Completed,Mississippi,Minnesota,20,0,3.65,2,0.88,0,13.47,1.4,0,,
m12277964017,10/8/2021,,10/17/2021,Nike Free RN Flyknit Running Shoe Gray 8,Completed,Mississippi,Minnesota,23,0,4.8,2.3,0.97,0,14.93,1.61,0,,
m22263739352,10/17/2021,,10/26/2021,Adidas Womens Running 3-Stripes Shorts Gray Black Teal Small,Completed,Mississippi,Minnesota,13,0,3.65,1.3,0.68,0,7.37,0.91,0,,
m22036795422,1/31/2021,,2/7/2021,Converse Shoreline Slip Ons Womens 7,Completed,Missouri,Minnesota,28,0,28,3.49,2.8,1.11,0,20.6,0,,
m69845605714,2/14/2021,,2/19/2021,Sherpa Fuzzy Unicorn Slippers,Completed,Missouri,Minnesota,13,0,13,3.49,1.3,0.68,0,7.53,0,,
m33100244053,3/3/2021,,3/8/2021,NWOT Calvin Klein Athletic Leggings,Completed,Missouri,Minnesota,22,0,22,3.49,2.2,0.94,0,15.37,0,,
m36817695415,3/6/2021,,3/14/2021,NEW Calvin Klein Pajama Set Medium,Completed,Missouri,Minnesota,22,3.49,25.49,0,2.2,0.94,0,18.86,0,,
m31277662632,3/19/2021,,3/23/2021,OPI Nail Polish New Glitter Bundle,Completed,Missouri,Minnesota,24,3.65,27.65,0,2.4,1,0,20.6,0,,
m21930468168,3/15/2021,,4/10/2021,Essie Nail Polish Bundle Set of 4,Completed,Missouri,Minnesota,9,3.65,12.65,0,0.9,0.56,0,7.54,0,,
m28056486110,4/4/2021,,4/10/2021,New H&M Navy Blue Satin Romper Medium,Completed,Missouri,Minnesota,17,0,17,3.65,1.7,0.79,0,10.86,0,,
m96478854576,4/11/2021,,4/18/2021,New Maroon Old Navy Athletic Joggers XL,Completed,Missouri,Minnesota,22,0,22,3.65,2.2,0.94,0,15.21,0,,
m58169809381,4/12/2021,,4/19/2021,Nike Dri-FIT Shorts in Grey/Multicolor,Completed,Missouri,Minnesota,22,0,22,3.65,2.2,0.94,0,15.21,0,,
m41610853019,4/28/2021,,4/30/2021,Columbia Black Leggings Medium,Completed,Missouri,Minnesota,19,0,19,3.65,1.9,0.85,0,12.6,0,,
m53375979264,4/30/2021,,5/7/2021,Women's Medium Tops and Tees Bundle,Completed,Missouri,Minnesota,50,0,50,7.99,5,1.75,0,35.26,0,,
m43607813323,8/25/2021,,9/3/2021,Starbucks Light Pink Replacement Lid,Completed,Missouri,Minnesota,10,3.65,0,1,0.59,0,8.41,1.17,0,,
m27280308348,2/14/2021,,2/26/2021,The North Face Black Leggings Small,Completed,Montana,Minnesota,26,0,26,3.49,2.6,1.05,0,18.86,0,,
m82468459756,3/10/2021,,3/13/2021,VS Pink Leggings High Waist Yoga Small,Completed,Montana,Minnesota,13,3.49,16.49,0,1.3,0.68,0,11.02,0,,
m89777455357,4/9/2021,,4/16/2021,Plush Faux Fur Sherpa Hoodie Sweatshirt,Completed,Montana,Minnesota,32,0,32,4.8,3.2,1.23,0,22.77,0,,
m45123166859,8/7/2021,,8/16/2021,Dog is Good Pink Baseball Hat Cap Womens,Completed,Montana,Minnesota,16,3.65,0,1.6,0.76,0,13.64,0,0,,
m10480802601,2/25/2021,,3/3/2021,Zara Gray Joggers w Paperbag Waist Small,Completed,Nebraska,Minnesota,13,3.49,16.49,0,1.3,0.68,0,11.02,1.15,,
m58125919326,3/4/2021,,3/9/2021,Nike Sweatshirt Womens XL Gray,Completed,Nebraska,Minnesota,23,3.49,26.49,0,2.3,0.97,0,19.73,1.85,,
m32757520003,3/16/2021,,3/23/2021,XL Green Bay Packers Fleece Pullover,Completed,Nebraska,Minnesota,15,0,15,3.49,1.5,0.74,0,9.27,1.05,,
m76733982721,5/10/2021,,,Perfect Brownie Pan Set NEW,In process,Nebraska,Minnesota,13,12,25,0,1.3,0.68,0,11.02,1.38,,
m32945285564,6/25/2021,,6/29/2021,Navy Blue Classic Crocs Sandals J2 W4,Completed,Nebraska,Minnesota,17,0,4.8,1.7,0.79,1.19,8.52,1.28,0,,
m60350225260,2/12/2021,,2/28/2021,VANS Dupe Multicolor Splatter Slip Ons 9,Completed,Nevada,Minnesota,14,0,14,3.49,1.4,0.71,0,8.4,1.16,,
m84168325531,2/22/2021,,3/2/2021,RESERVED,Completed,Nevada,Minnesota,25,4.99,29.99,0,2.5,1.03,0,21.47,2.09,,
m77644581982,5/7/2021,,5/13/2021,Nike SB Dunks Delta Force Gray M10,Completed,Nevada,Minnesota,45,0,45,5.99,4.5,1.61,0,32.9,3.77,,
m92731153477,5/6/2021,,5/14/2021,Black Nike Capris Medium Sportswear,Completed,Nevada,Minnesota,14,0,14,3.65,1.4,0.71,0,8.24,1.16,,
m73997073895,7/23/2021,,7/31/2021,NWT Starbucks Teal Blue Jelly Tumbler,Completed,Nevada,Minnesota,225,4.8,0,22.5,6.83,0,195.67,18.84,0,,
m40651225666,7/7/2021,,8/21/2021,Starbucks Teavana Pool Ladies Tumbler,Completed,Nevada,Minnesota,26,4.8,0,2.6,1.05,0,22.35,2.18,0,,
m71822230233,8/3/2021,,8/6/2021,Vera Bradley Kensington XL Large Tote,Completed,New Hampshire,Minnesota,25,4.8,0,2.5,1.03,7.2,14.27,0,0,,
m58978028901,10/28/2021,,11/4/2021,PINK Cozy Sleep Jogger Jersey Knit Black Marled Joggers Medium,Completed,New Hampshire,Minnesota,20,0,3.65,2,0.88,0,13.47,0,0,,
m67393358486,2/3/2021,,2/10/2021,Nike Athletics Bundle Hoodie Leggings,Completed,New Jersey,Minnesota,21,0,21,3.49,2.1,0.91,0,14.5,0,,
m27187750161,2/11/2021,,2/19/2021,Pusheen Pajama Bundle Womens Medium,Completed,New Jersey,Minnesota,15,0,15,3.49,1.5,0.74,0,9.27,0,,
m36930341276,2/27/2021,,3/7/2021,Two Pairs Nike Air Leggings Small Black,Completed,New Jersey,Minnesota,45,3.49,48.49,0,4.5,1.61,0,38.89,0,,
m78773517337,3/6/2021,,3/17/2021,Under Armour High Tops Basketball Black,Completed,New Jersey,Minnesota,15,0,15,4.99,1.5,0.74,0,7.77,0,,
m43551041142,3/28/2021,,4/3/2021,Body Shop Banana Body Scrub,Completed,New Jersey,Minnesota,15,0,15,3.49,1.5,0.74,0,9.27,0.99,,
m64826733068,5/2/2021,,5/7/2021,Vineyard Vines Pullover Sweatshirt Small,Completed,New Jersey,Minnesota,15,3.49,18.49,0,1.5,0.74,0,12.76,0,,
m70605348235,3/11/2021,,3/16/2021,Nike Black Leggings Medium,Completed,New Mexico,Minnesota,12,3.49,15.49,0,1.2,0.65,0,10.15,1.31,,
m34177359076,3/15/2021,,3/23/2021,Orange Poppy Starbucks Tumbler Grande,Completed,New Mexico,Minnesota,22,3.65,25.65,0,2.2,0.94,0,18.86,2.02,,
m86745643856,3/24/2021,,4/1/2021,Pink Nike Flex Contact Running Shoes 7.5,Completed,New Mexico,Minnesota,25,4.8,29.8,0,2.5,1.03,0,21.47,2.48,,
m57676778031,4/26/2021,,5/3/2021,American Eagle Vintage Hoodie Oversized,Completed,New Mexico,Minnesota,13,3.49,16.49,0,1.3,0.68,0,11.02,1.27,,
m15082194479,6/29/2021,,7/8/2021,Nike w9 Dual Fusion Run 3 Sneakers Shoes,Completed,New Mexico,Minnesota,20,0,4.8,2,0.88,0,12.32,1.54,0,,
m77032460179,7/31/2021,,8/7/2021,Vans Desert Floral Black Ball SF W8 shoe,Completed,New Mexico,Minnesota,15,4.8,0,1.5,0.74,0,12.76,1.61,0,,
m39219767813,11/12/2021,,11/22/2021,NEW Estee Lauder Red Square Makeup Bag,Completed,New Mexico,Minnesota,15,5.99,0,1.5,0.74,0,12.76,1.82,0,,
m87334641400,1/17/2021,,1/23/2021,2 pair pajama shorts Old Navy,Completed,New York,Minnesota,8,4.99,12.99,0,0.8,0.53,0,6.67,0.52,,
m35267726798,2/1/2021,,2/5/2021,Nike Half Zip Purple Womens Medium,Completed,New York,Minnesota,22,3.49,25.49,0,2.2,0.94,0,18.86,1.18,,
m11923527197,2/9/2021,,2/17/2021,Marc Jacobs Skinny Mom Jeans size 4,Completed,New York,Minnesota,12,0,12,3.49,1.2,0.65,0,6.66,0.56,,
m19859038472,2/19/2021,,2/25/2021,Burts Bees Honeybee Flip Flops,Completed,New York,Minnesota,15,0,15,3.49,1.5,0.74,0,9.27,0.69,,
m21761998443,2/25/2021,,3/5/2021,Gray Nike Hoodie Medium Fleece Oversized,Completed,New York,Minnesota,23,0,23,3.49,2.3,0.97,0,16.24,0,,
m57339923720,2/28/2021,,3/5/2021,NWT Black Wireless Lounge Casual Bra 36B,Completed,New York,Minnesota,9,3.49,12.49,0,0.9,0.56,0,7.54,0,,
m22751847886,2/8/2021,,3/10/2021,Sherpa Pullover Brown Womens Small,Completed,New York,Minnesota,24,0,24,3.49,2.4,1,0,17.11,0,,
m11413980139,3/4/2021,,3/12/2021,Starbucks Glass SS Tumblers NWT,Completed,New York,Minnesota,22,0,22,4.8,2.2,0.94,0,14.06,1.95,,
m33349029297,3/8/2021,,3/15/2021,Grey's Anatomy Sweatshirt sz large,Completed,New York,Minnesota,18,0,18,3.49,1.8,0.82,0,11.89,0.83,,
m62590858775,3/13/2021,,3/20/2021,Calvin Klein Floral Hoodie Sweatshirt XL,Completed,New York,Minnesota,30,0,30,3.65,3,1.17,0,22.18,1.2,,
m82552215751,3/18/2021,,3/22/2021,Starbucks Black Visor Hat,Completed,New York,Minnesota,15,0,15,3.65,1.5,0.74,0,9.11,1.33,,
m32573877398,3/19/2021,,3/27/2021,Unicorns Are Real Sweatshirt Medium,Completed,New York,Minnesota,12,0,12,3.65,1.2,0.65,0,6.5,0.48,,
m62735562813,4/11/2021,,4/20/2021,Sally Hansen Insta Dri Nail Polish Set,Completed,New York,Minnesota,15,0,15,3.65,1.5,0.74,0,9.11,1.33,,
m24130087169,4/28/2021,,5/4/2021,Wet Brush Shine Enhancer Detangler Men,Completed,New York,Minnesota,6,3.49,9.49,0,0.6,0.47,0,4.93,0.84,,
m90570281707,5/2/2021,,5/7/2021,Cuddl Duds Pajama Set Womens Small Gray,Completed,New York,Minnesota,8,0,8,3.49,0.8,0.53,0,3.18,0.32,,
m49936237463,5/6/2021,,5/10/2021,Insta Dri Sally Hansen Nail Polish Set,Completed,New York,Minnesota,10,0,10,3.65,1,0.59,0,4.76,0.88,,
m32977418418,5/13/2021,,,Starbucks Rainbow Dome Tumbler,In process,New York,Minnesota,38,0,38,5.99,3.8,1.4,0,26.81,2.85,,
m90871498851,6/22/2021,,6/28/2021,Starbucks matte black studded tumbler,Completed,New York,Minnesota,25,4.8,0,2.5,1.03,0,21.47,2.38,0,,
m98907929338,6/21/2021,,6/29/2021,SET White Ceramic Mini Tasting Bowls,Completed,New York,Minnesota,17,5.99,0,1.7,0.79,11.76,2.75,1.98,0,,
m98585875346,6/28/2021,,7/6/2021,Crocs Swiftwater Black Clogs 8 Leather,Completed,New York,Minnesota,36,5.99,0,3.6,1.34,0,31.06,0,0,,
m26206591220,7/4/2021,,7/10/2021,Black + Gold Hello Kitty Slides Sandals,Completed,New York,Minnesota,19,0,4.8,1.9,0.85,0,11.45,0,0,,
m89169543762,7/23/2021,,8/2/2021,Set of 2 Golf Tervis Tumblers 24 oz 10 o,Completed,New York,Minnesota,13,0,5.99,1.3,0.68,0,5.03,1.04,0,,
m55806128555,7/26/2021,,8/2/2021,Mickey Mouse Disney Crocs C12 C13 Blue,Completed,New York,Minnesota,20,3.65,0,2,0.88,0,17.12,0,0,,
m58054837424,8/20/2021,,8/28/2021,Kate Spade New York Fish Bowl Rose Vase,Completed,New York,Minnesota,145,9.99,0,14.5,4.51,0,125.99,12.4,0,,
m24328905081,9/3/2021,,9/13/2021,A Day To Remember Band Bullfight T Shirt,Completed,New York,Minnesota,21,0,3.65,2.1,0.91,0,14.34,0.87,0,,
m54643325094,9/14/2021,,9/21/2021,Starbucks Europe Abstract Face Venti Cup,Completed,New York,Minnesota,34,7.99,0,3.4,1.29,0,29.31,3.67,0,,
m85364827429,10/2/2021,,10/8/2021,Starbucks Turquoise Blue Replacement Lid,Completed,New York,Minnesota,12,3.65,0,1.2,0.65,0,10.15,1.37,0,,
m51444907508,10/1/2021,,10/11/2021,Scentsy Morning Toast Retro Wax Warmer,Completed,New York,Minnesota,24,7.99,0,2.4,1,0,20.6,2.56,0,,
m54430570463,10/6/2021,,10/16/2021,PINK Box Logo Long Sleeve Oversized Medium Pink Black Victorias Secret Lounge,Completed,New York,Minnesota,18,0,3.65,1.8,0.82,0,11.73,0.72,0,,
m32481332530,10/13/2021,,10/18/2021,Disney Minnie Mouse Fleece Jacket Large,Completed,New York,Minnesota,19,0,4.8,1.9,0.85,1.19,10.26,0.76,0,,
m68585974758,10/18/2021,,10/24/2021,Vintage Vans Pullover Sweatshirt Crewneck Gray Sage Green Soft Large Retro,Completed,New York,Minnesota,21,4.8,0,2.1,0.91,0,17.99,1.03,0,,
m40262108310,10/15/2021,,10/25/2021,Le Creuset Dark Blue Pan 14 France,Completed,New York,Minnesota,30,9.99,0,3,1.17,0,25.83,3.5,0,,
m84330723370,11/7/2021,,11/13/2021,Vintage Pooky Bear Dakin Toys Plush 1983,Completed,New York,Minnesota,11,4.8,0,1.1,0.62,0,9.28,1.4,0,,
m80680162940,1/26/2021,,1/31/2021,Nike Hat Black Buckle Heritage 86,Completed,North Carolina,Minnesota,15,0,15,3.49,1.5,0.74,0,9.27,1.01,,
m80609279029,2/7/2021,,2/16/2021,UGG Australia Black Tall Suede Boots 9,Completed,North Carolina,Minnesota,42,0,42,4.6,4.2,1.52,0,31.68,2.94,,
m95489384911,2/17/2021,,2/26/2021,Blue Nike Long Sleeve Tee Womens Medium,Completed,North Carolina,Minnesota,8,3.49,11.49,0,0.8,0.53,0,6.67,0.83,,
m26630245578,3/2/2021,,3/9/2021,PINK yoga leggings black XS,Completed,North Carolina,Minnesota,10,0,10,3.49,1,0.59,0,4.92,0.7,,
m67376958081,3/4/2021,,3/10/2021,NWT Terrier Dog Coffee Mug Food Network,Completed,North Carolina,Minnesota,15,0,15,3.49,1.5,0.74,0,9.27,1.05,,
m93489588427,3/14/2021,,3/22/2021,Rae Dunn Love T-Shirt Women's Medium,Completed,North Carolina,Minnesota,16,3.49,19.49,0,1.6,0.76,0,13.64,1.32,,
m28962929306,3/21/2021,,3/25/2021,reserved,Completed,North Carolina,Minnesota,25,3.65,28.65,0,2.5,1.03,0,21.47,2.01,,
m22538123004,4/14/2021,,4/24/2021,New Vanity Fair 40DD Leopard Print Bra,Completed,North Carolina,Minnesota,30,0,30,3.65,3,1.17,0,22.18,2.03,,
m70716236068,6/28/2021,,7/3/2021,Vintage Oversized T Shirt Alaska XL,Completed,North Carolina,Minnesota,22,0,3.65,2.2,0.94,0,15.21,1.49,0,,
m32686296939,9/28/2021,,10/5/2021,Vera Bradley Imperial Rose Zip Wallet,Completed,North Carolina,Minnesota,10,0,3.65,1,0.59,0,4.76,0.7,0,,
m26762928693,10/15/2021,,10/19/2021,Vintage Harley Davidson Motor Parts Full Zip Jacket Womens Motorcycle Zip-Up euc,Completed,North Carolina,Minnesota,51,0,3.65,5.1,1.78,2.34,38.13,3.83,0,,
m44581333243,10/17/2021,,10/24/2021,Black Puma V Neck Hoodie Womens Large Scoopneck Gray Pockets,Completed,North Carolina,Minnesota,11,0,3.65,1.1,0.62,0,5.63,0.8,0,,
m59410324112,10/23/2021,,10/29/2021,Columbia Flannel Hoodie Jacket Black Medium Coat Button Up Plaid,Completed,North Carolina,Minnesota,25,0,3.65,2.5,1.03,0,17.82,1.75,0,,
m75047524345,10/21/2021,,11/1/2021,NEW Scentsy Away In A Manger Wax Warmer Wrap Metal Christmas Nativity Scene,Completed,North Carolina,Minnesota,22,5.99,0,2.2,0.94,0,18.86,1.89,0,,
m79458839265,11/1/2021,,11/8/2021,Starbucks Black Matte Bubba Tumbler HTF,Completed,North Carolina,Minnesota,55,0,7.99,5.5,1.9,0,39.61,3.85,0,,
m87957339678,11/21/2021,,12/4/2021,Essential Oil Aroma Diffuser Fragrance Bundle NOW DOTERRA YOUNGLIVING,Completed,North Carolina,Minnesota,23,5.99,0,2.3,0.97,0,19.73,2.03,0,,
m65661044494,10/16/2021,,10/21/2021,Cole Haan Zerogrand Suede Ankle Boots Womens Chelsea Bootie 8.5 Waterproof,Completed,North Dakota,Minnesota,30,5.99,0,3,1.17,0,25.83,2.61,0,,
m96381202098,2/9/2021,,2/18/2021,"Prince the Pug 5"" Squishmallow",Completed,Ohio,Minnesota,13,0,13,3.49,1.3,0.68,0,7.53,0.94,,
m60616621414,2/8/2021,,2/18/2021,Buzzfeed Nifty An Organized Life Journal,Completed,Ohio,Minnesota,16,0,16,3.49,1.6,0.76,0,10.15,1.12,,
m11212324352,2/18/2021,,2/23/2021,Adidas Windbreaker NWOT Medium Womens,Completed,Ohio,Minnesota,21,0,21,3.49,2.1,0.91,0,14.5,1.52,,
m60082109592,3/10/2021,,3/16/2021,High waisted mom jeans four 5 Old Navy,Completed,Ohio,Minnesota,15,0,15,3.49,1.5,0.74,0,9.27,1.09,,
m75765960512,3/19/2021,,3/26/2021,Sally Hansen Miracle Gel Nail Polish Bun,Completed,Ohio,Minnesota,17,0,17,3.65,1.7,0.79,0,10.86,1.15,,
m85188326859,4/2/2021,,4/5/2021,VS PINK Black Zip Up Hoodie Small,Completed,Ohio,Minnesota,12,0,12,3.49,1.2,0.65,0,6.66,0.87,,
m65283360584,4/1/2021,,4/6/2021,New Balance 711 Everyday Tennis Shoes,Completed,Ohio,Minnesota,24,4.8,28.8,0,2.4,1,0,20.6,1.94,,
m31651183754,4/15/2021,,4/19/2021,My Neighbor Totoro Wristlet Purse Wallet,Completed,Ohio,Minnesota,7,3.65,10.65,0,0.7,0.5,0,5.8,0.75,,
m64805519010,5/8/2021,,5/12/2021,NEW Eddie Bauer Pajama Set Small,Completed,Ohio,Minnesota,14,0,14,3.49,1.4,0.71,0,8.4,0.95,,
m35520218077,6/13/2021,,6/20/2021,Starbucks color changing cups set 2019,Completed,Ohio,Minnesota,33,5.99,0,3.3,1.26,0,28.44,2.53,0,,
m54986553736,6/18/2021,,6/21/2021,Athleta Red Purple Tankini Top Medium,Completed,Ohio,Minnesota,19,0,3.65,1.9,0.85,0,12.6,1.33,0,,
m13420052205,8/2/2021,,8/5/2021,Vera Bradley Drawstring Cinch Purse Blue,Completed,Ohio,Minnesota,13,0,3.65,1.3,0.68,1.15,6.22,0.94,0,,
m49802367743,8/5/2021,,8/14/2021,W10 Crocs Sandals Isabella T-Strap Nude,Completed,Ohio,Minnesota,25,0,4.8,2.5,1.03,0,16.67,1.69,0,,
m66514062369,9/28/2021,,10/5/2021,Disney Mickey Mouse Treat Popcorn Footed Bowl 2011 Halloween,Completed,Ohio,Minnesota,24,7.99,0,2.4,1,0,20.6,2.16,0,,
m15589539037,2/7/2021,,2/17/2021,BUNDLE Floral Embroidered Top and Pants,Completed,Oklahoma,Minnesota,22,0,22,3.49,2.2,0.94,0,15.37,1.87,,
m71535200637,2/7/2021,,2/17/2021,RESERVED BUNDLE,Completed,Oklahoma,Minnesota,25,0,25,3.49,2.5,1.03,0,17.98,2.25,,
m31437628699,2/16/2021,,2/20/2021,Vans Floral Hoodie,Completed,Oklahoma,Minnesota,30,3.49,33.49,0,3,1.17,0,25.83,3.02,,
m48168198039,2/16/2021,,2/21/2021,Astrology Zodiac Signs Long Sleeve Tee,Completed,Oklahoma,Minnesota,12,0,12,3.49,1.2,0.65,0,6.66,0.54,,
m87279028838,2/28/2021,,3/4/2021,Nike Dri Fit Shorts Blue/ Red/ Turquoise,Completed,Oklahoma,Minnesota,10,3.49,13.49,0,1,0.59,0,8.41,0.95,,
m45622364012,1/25/2021,,1/30/2021,Dr. Scholls Comfy Light Energy Slip Ons,Completed,Pennsylvania,Minnesota,25,0,25,4.99,2.5,1.03,0,16.48,0,,
m22991042412,2/5/2021,,2/13/2021,Tumbler Bundle Rainbow Black Starbucks,Completed,Pennsylvania,Minnesota,37,3.49,40.49,0,3.7,1.37,0,31.93,2.43,,
m27472379404,2/11/2021,,2/16/2021,Keith Haring Barking Dog Long Sleeve SM,Completed,Pennsylvania,Minnesota,16,0,16,3.49,1.6,0.76,0,10.15,0,,
m82083475083,2/14/2021,,2/18/2021,Adidas Climawarm Hoodie Womens Small,Completed,Pennsylvania,Minnesota,18,3.49,21.49,0,1.8,0.82,0,15.38,0,,
m49810652445,2/12/2021,,2/19/2021,RESERVED,Completed,Pennsylvania,Minnesota,47,3.49,50.49,0,4.7,1.66,0,40.64,0,,
m19897725549,2/18/2021,,2/20/2021,Pink Sweatshirt Black Cozy Womens Large,Completed,Pennsylvania,Minnesota,28,0,28,3.49,2.8,1.11,0,20.6,0,,
m92433117712,2/18/2021,,2/22/2021,Starbucks Bundle Reserved,Completed,Pennsylvania,Minnesota,48,0,48,3.49,4.8,1.69,0,38.02,2.88,,
m94339446580,2/18/2021,,2/23/2021,Nike Sweet Classic Leather Floral Purple,Completed,Pennsylvania,Minnesota,35,4.99,39.99,0,3.5,1.32,0,30.18,0,,
m70485229722,2/22/2021,,2/24/2021,Reserved for Trish Kusner,Completed,Pennsylvania,Minnesota,16,3.49,19.49,0,1.6,0.76,0,13.64,0,,
m82750980035,3/10/2021,,3/18/2021,NWT Lululemon Dupe Leggings Lysse Med,Completed,Pennsylvania,Minnesota,22,0,22,3.49,2.2,0.94,0,15.37,0,,
m51073042238,3/14/2021,,3/22/2021,Four Starbucks Rainbow Confetti Cold Cup,Completed,Pennsylvania,Minnesota,31,3.65,34.65,0,3.1,1.2,0,26.7,2.08,,
m21209026471,3/16/2021,,3/22/2021,Medium Black Adidas Zip Hoodie Jacket,Completed,Pennsylvania,Minnesota,17,3.49,20.49,0,1.7,0.79,0,14.51,0,,
m22892036463,3/19/2021,,3/22/2021,Orly Breathable Nail Polish Bundle,Completed,Pennsylvania,Minnesota,12,3.65,15.65,0,1.2,0.65,0,10.15,0.94,,
m44978387066,3/18/2021,,3/24/2021,Starbucks Venti Honeycomb Studded Cup,Completed,Pennsylvania,Minnesota,50,7.99,57.99,0,5,1.75,0,43.25,4.06,,
m76182828256,3/21/2021,,3/29/2021,Puma Suede Vintage Quarry/Gold size 7.5,Completed,Pennsylvania,Minnesota,15,4.99,19.99,0,1.5,0.74,0,12.76,0,,
m34677341239,3/24/2021,,3/31/2021,Black Classic Crocs M9 W11,Completed,Pennsylvania,Minnesota,19,4.8,23.8,0,1.9,0.85,0,16.25,0,,
m16009560952,4/4/2021,,4/8/2021,NWOT 36A Victorias Secret Demi Bra,Completed,Pennsylvania,Minnesota,12,0,12,3.49,1.2,0.65,0,6.66,0,,
m36309404269,4/3/2021,,4/12/2021,Soft Oversized Pitbull Dog Hoodie Large,Completed,Pennsylvania,Minnesota,21,0,21,3.65,2.1,0.91,0,14.34,0,,
m46733886912,4/6/2021,,4/15/2021,New Kate Spade Queen Fleece Blanket,Completed,Pennsylvania,Minnesota,36,7.99,43.99,0,3.6,1.34,0,31.06,2.64,,
m85782816314,4/11/2021,,4/16/2021,New OPI Nail Polish Bundle Blue Teal,Completed,Pennsylvania,Minnesota,16,0,16,3.65,1.6,0.76,0,9.99,1.12,,
m45691820299,4/16/2021,,4/24/2021,VS PINK Black Zip Up Hoodie Large,Completed,Pennsylvania,Minnesota,18,0,18,3.65,1.8,0.82,0,11.73,0,,
m26322741396,4/21/2021,,4/26/2021,PINK Yoga Leggings Black Gray Joggers,Completed,Pennsylvania,Minnesota,16,0,16,3.65,1.6,0.76,0,9.99,0,,
m61675973825,4/24/2021,,4/30/2021,Plaid Sherpa Pullover Sweatshirt Hoodie,Completed,Pennsylvania,Minnesota,15,3.65,18.65,0,1.5,0.74,0,12.76,0,,
m28238985604,5/2/2021,,5/8/2021,Vineyard Vines Blue Hoodie Edgartown MD,Completed,Pennsylvania,Minnesota,15,0,15,3.65,1.5,0.74,0,9.11,0,,
m17481790362,5/10/2021,,,Nike Zip Up Hoodie Sweatshirt Small,In process,Pennsylvania,Minnesota,23,0,23,3.65,2.3,0.97,0,16.08,0,,
m94829238381,5/6/2021,,5/13/2021,Sequin Back VS Pink Long Sleeve Tee SM,Completed,Pennsylvania,Minnesota,14,0,14,3.65,1.4,0.71,0,8.24,0,,
m60531317403,6/18/2021,,6/24/2021,"Chacos Leather Wayfarer - Womens 9, Rust",Completed,Pennsylvania,Minnesota,60,0,4.8,6,2.04,0,47.16,0,0,,
m65246410260,6/14/2021,,6/26/2021,Nike Revolution 4 W9.5 Gray Blue Shoes,Completed,Pennsylvania,Minnesota,23,0,4.8,2.3,0.97,0,14.93,0,0,,
m45520900587,7/4/2021,,7/11/2021,Nike Air Force 1 Low Independance Day M9,Completed,Pennsylvania,Minnesota,45,9.99,0,4.5,1.61,0,38.89,0,0,,
m44674701908,8/10/2021,,8/15/2021,Life Is Good Coffee Womens Long Sleeve L,Completed,Pennsylvania,Minnesota,22,0,3.65,2.2,0.94,0,15.21,0,0,,
m89203881753,8/16/2021,,8/23/2021,Carhartt Sage Green Hoodie 2XL Cotton,Completed,Pennsylvania,Minnesota,26,0,3.65,2.6,1.05,0,18.7,0,0,,
m60784517556,8/25/2021,,9/4/2021,Merrell Ozzy Trail Hiking Shoes Vibram,Completed,Pennsylvania,Minnesota,40,0,7.99,4,1.46,0,26.55,0,0,,
m24016750744,9/11/2021,,9/16/2021,4 Disney Store Ratatouille Coffee Mugs Remy Rat and Emile Rare HTF Bon Appetit,Completed,Pennsylvania,Minnesota,45,12,0,4.5,1.61,0,38.89,3.42,0,,
m30642823537,10/18/2021,,10/29/2021,NEW Lowepro Photo Traveler 150 Backpack Camera Carrying Case Equipment Brown,Completed,Pennsylvania,Minnesota,24,7.99,0,2.4,1,0,20.6,1.92,0,,
m76581146848,11/14/2021,,11/20/2021,"NWT Nemo Squishmallow Disney 5"" Orange Fish Clownfish",Completed,Pennsylvania,Minnesota,9,3.65,0,0.9,0.56,0,7.54,0.76,0,,
m79397500780,11/18/2021,,11/23/2021,Columbia Cascadian Snowchill Winter Boots Waterproof Black W8 Suede Zipper,Completed,Pennsylvania,Minnesota,26,12,0,2.6,1.05,0,22.35,0,0,,
m59758986021,7/14/2021,,7/20/2021,Disney Parks Mickey Icon 5 Photo Frame,Completed,Rhode Island,Minnesota,25,0,4.8,2.5,1.03,0,16.67,1.75,0,,
m17307792134,1/13/2021,,1/19/2021,11 pc Small Pajama Pants Bundle,Completed,South Carolina,Minnesota,36,4.99,40.99,0,3.6,1.34,0,31.06,2.87,,
m38194770309,1/23/2021,,1/30/2021,Starbucks Color Changing Confetti Cup,Completed,South Carolina,Minnesota,20,0,20,3.49,2,0.88,0,13.63,1.4,,
m44393126493,1/29/2021,,2/6/2021,Adidas Swift Run X White Shoes womens 8,Completed,South Carolina,Minnesota,30,3.49,33.49,0,3,1.17,0,25.83,2.34,,
m37496281313,2/2/2021,,2/8/2021,UGG Australia Grey Suede Boots size 9,Completed,South Carolina,Minnesota,30,0,30,3.49,3,1.17,0,22.34,2.4,,
m13669079398,2/4/2021,,2/8/2021,Starbucks Zebra Black White Striped Mug,Completed,South Carolina,Minnesota,16,0,16,3.49,1.6,0.76,0,10.15,1.12,,
m45588543488,2/11/2021,,2/17/2021,Realtree Tervis Tumbler Set NWT 24 oz,Completed,South Carolina,Minnesota,35,0,35,4.99,3.5,1.32,0,25.19,2.8,,
m60568391827,2/23/2021,,3/6/2021,Columbia Sun Protection OmniShade Tee,Completed,South Carolina,Minnesota,14,3.49,17.49,0,1.4,0.71,0,11.89,1.22,,
m21118606554,3/26/2021,,4/3/2021,New Adidas Cloudfoam Blush Running Shoes,Completed,South Carolina,Minnesota,40,0,40,4.8,4,1.46,0,29.74,2.8,,
m96185403145,3/23/2021,,4/4/2021,The North Face Purple Hoodie Large,Completed,South Carolina,Minnesota,20,4.8,24.8,0,2,0.88,0,17.12,1.49,,
m87064352921,5/10/2021,,,Nike Free Rn Flyknit Geometric Black 8.5,In process,South Carolina,Minnesota,18,0,18,4.8,1.8,0.82,0,10.58,1.62,,
m90444387307,5/9/2021,,,Harry Potter Gryffindor Cardigan Medium,In process,South Carolina,Minnesota,28,0,28,3.65,2.8,1.11,0,20.44,2.24,,
m74787638423,6/28/2021,,7/9/2021,Merino Wool Balaclava Neck Gaiter Mask,Completed,South Carolina,Minnesota,21,0,3.65,2.1,0.91,0,14.34,1.68,0,,
m39172531831,11/5/2021,,11/12/2021,UGG Neumel Chukka Boot Chestnut Suede Wool,Completed,South Carolina,Minnesota,47,7.99,0,4.7,1.66,0,40.64,3.85,0,,
m79794226287,11/15/2021,,11/26/2021,#1 Dad Fathers Day Tervis Tumbler 16 oz,Completed,South Carolina,Minnesota,10,0,3.65,1,0.59,0,4.76,0.7,0,,
m69947150622,1/2/2021,,1/8/2021,MSI 460GTX HAWK Talon Attack video card,Completed,Tennessee,Minnesota,20,9.99,29.99,0,2,0.88,0,17.12,2.92,,
m57853078407,1/11/2021,,1/16/2021,Adidas Cloudfoam Pure Black size 10 8,Completed,Tennessee,Minnesota,23,4.6,27.6,0,2.3,0.97,0,19.73,2.69,,
m83788655589,1/22/2021,,1/26/2021,Men's DC sneakers athletic shoes size 13,Completed,Tennessee,Minnesota,30,4.99,34.99,0,3,1.17,0,25.83,3.41,,
m53924277011,1/24/2021,,1/30/2021,PINK Victorias Secret Sweatpants Joggers,Completed,Tennessee,Minnesota,18,3.49,21.49,0,1.8,0.82,0,15.38,1.99,,
m53453792713,1/30/2021,,2/8/2021,Bundle Sweater and Jeans Medium 2 womens,Completed,Tennessee,Minnesota,28,0,28,3.49,2.8,1.11,0,20.6,2.66,,
m30092789438,2/8/2021,,2/19/2021,Nike black leggings large like new,Completed,Tennessee,Minnesota,18,0,18,3.49,1.8,0.82,0,11.89,1.76,,
m92018657265,2/14/2021,,2/24/2021,Nike Pro Black Long Sleeve Womens XL,Completed,Tennessee,Minnesota,18,0,18,3.49,1.8,0.82,0,11.89,1.67,,
m66733486974,2/6/2021,,3/20/2021,Vans Old Skool Low Top Black 8,Completed,Tennessee,Minnesota,16,4.99,20.99,0,1.6,0.76,0,13.64,1.94,,
m83264520469,4/1/2021,,4/7/2021,Toddler Paw Patrol Crocs C 10,Completed,Tennessee,Minnesota,22,3.65,25.65,0,2.2,0.94,0,18.86,2.44,,
m23835412976,4/2/2021,,4/9/2021,Hilton Head Island Oversized Sweatshirt,Completed,Tennessee,Minnesota,10,0,10,3.65,1,0.59,0,4.76,0.93,,
m62401226025,4/5/2021,,4/9/2021,Reebok Black Capri Leggings Playdry,Completed,Tennessee,Minnesota,10,0,10,3.65,1,0.59,0,4.76,0.98,,
m56714843735,4/29/2021,,5/4/2021,Aerie crossover leggings gray medium,Completed,Tennessee,Minnesota,19,0,19,3.65,1.9,0.85,0,12.6,1.81,,
m78994799199,7/3/2021,,7/13/2021,Red Floral Tulip Tervis Tumbler 16 oz,Completed,Tennessee,Minnesota,12,0,4.8,1.2,0.65,0,5.35,1.14,0,,
m93135289936,7/15/2021,,7/20/2021,Starbucks Grande Mermaid Studded tumbler,Completed,Tennessee,Minnesota,40,0,0,4,1.46,0,34.54,3.9,0,,
m68894055331,8/10/2021,,8/13/2021,Telluride Mens Outdoor Sandals Chacos 12,Completed,Tennessee,Minnesota,32,4.8,0,3.2,1.23,0,27.57,3.4,0,,
m53590426837,9/25/2021,,10/7/2021,Vintage Handmade Mickey Mouse Throw Blanket Quilt Knit Crochet 1970s,Completed,Tennessee,Minnesota,45,9.99,0,4.5,1.61,0,38.89,5.36,0,,
m24722437131,11/1/2021,,11/9/2021,Vineyard Vines Basketball Whale Long Sleeve Tee White Small,Completed,Tennessee,Minnesota,20,0,3.65,2,0.88,0,13.47,1.85,2,,
m11520889646,1/7/2021,,1/14/2021,white slip on VANS kids 3 womens 5,Completed,Texas,Minnesota,15,0,15,4.99,1.5,0.74,0,7.77,1.24,,
m38018644183,1/27/2021,,1/30/2021,Nike Flex Experience Free Run Rn 6 sz 9,Completed,Texas,Minnesota,31,0,31,4.99,3.1,1.2,0,21.71,2.56,,
m24277431484,2/1/2021,,2/4/2021,Mini Pearlescent Tumbler NWT 2020,Completed,Texas,Minnesota,22,3.49,25.49,0,2.2,0.94,0,18.86,2.1,,
m32596094335,2/4/2021,,2/8/2021,Dog Harness size small,Completed,Texas,Minnesota,13,3.49,16.49,0,1.3,0.68,0,11.02,1.36,,
m54078113363,2/9/2021,,2/19/2021,Adidas Classic 3-Stripes Shorts Black,Completed,Texas,Minnesota,18,0,18,3.49,1.8,0.82,0,11.89,1.22,,
m40463059886,2/9/2021,,2/20/2021,Black Nike Pullover Half Zip Sweatshirt,Completed,Texas,Minnesota,15,3.49,18.49,0,1.5,0.74,0,12.76,1.53,,
m60572440939,2/13/2021,,2/22/2021,Starbucks Colorado Architecture Mug NWT,Completed,Texas,Minnesota,13,4.99,17.99,0,1.3,0.68,0,11.02,1.48,,
m85253386081,2/7/2021,,2/24/2021,NWT Dutch Oven Pan with Lid Parini 4 QT,Completed,Texas,Minnesota,21,9.99,30.99,0,2.1,0.91,0,17.99,2.56,,
m77118981753,2/18/2021,,2/24/2021,Fuzzy Crocs W 9 Black Freesail Clogs,Completed,Texas,Minnesota,20,0,20,3.49,2,0.88,0,13.63,1.65,,
m95923960656,2/11/2021,,2/24/2021,Sandals size 8 Black Floral Lace Thong,Completed,Texas,Minnesota,12,0,12,3.49,1.2,0.65,0,6.66,0.99,,
m53028375338,2/24/2021,,3/3/2021,Reusable Straws + Cotton Tote Bag Bundle,Completed,Texas,Minnesota,15,0,15,3.49,1.5,0.74,0,9.27,1.24,,
m97405931334,2/25/2021,,3/4/2021,Columbia Fleece Black Gray Medium,Completed,Texas,Minnesota,19,4.99,23.99,0,1.9,0.85,0,16.25,1.98,,
m26489023652,3/3/2021,,3/8/2021,Starbucks Iridescent SS Tumblers,Completed,Texas,Minnesota,26,0,26,4.8,2.6,1.05,0,17.55,2.15,,
m23059602237,3/4/2021,,3/9/2021,Adidas Essentials 3-Stripes Pants Black,Completed,Texas,Minnesota,11,3.49,14.49,0,1.1,0.62,0,9.28,1.2,,
m33201058944,3/3/2021,,3/9/2021,NEW Disney Comfy Sherpa Hoodie MEDIUM,Completed,Texas,Minnesota,20,4.99,24.99,0,2,0.88,0,17.12,2.06,,
m33707915748,3/4/2021,,3/13/2021,NEW Disney Characters Tervis Tumbler,Completed,Texas,Minnesota,27,0,27,3.49,2.7,1.08,0,19.73,1.96,,
m37154797744,3/9/2021,,3/14/2021,Teal Crocs Clogs J3 W5,Completed,Texas,Minnesota,12,3.65,15.65,0,1.2,0.65,0,10.15,1.29,,
m28283582763,3/12/2021,,3/15/2021,Starbucks NWT Year Of The Ox Tumbler,Completed,Texas,Minnesota,30,0,30,4.8,3,1.17,0,21.03,2.48,,
m90568429286,3/19/2021,,3/24/2021,Pink Gray Sweatshirt Pullover VS Small,Completed,Texas,Minnesota,12,0,12,3.65,1.2,0.65,0,6.5,0.87,,
m37327700366,3/15/2021,,3/25/2021,Black Starbucks Stainless Steel Tumbler,Completed,Texas,Minnesota,26,4.8,30.8,0,2.6,1.05,0,22.35,2.54,,
m91519522619,3/15/2021,,3/25/2021,Starbucks Korea Palm Leaf Tumbler NWT,Completed,Texas,Minnesota,44,4.8,48.8,0,4.4,1.58,0,38.02,4.03,,
m78839599199,3/22/2021,,3/31/2021,Two Panic At The Disco T Shirts Medium,Completed,Texas,Minnesota,20,0,20,3.49,2,0.88,0,13.63,1.65,,
m94832907004,4/10/2021,,4/17/2021,New Lilly Pulitzer Bikini Bottom Small,Completed,Texas,Minnesota,46,0,46,3.65,4.6,1.63,0,36.12,3.8,,
m56095386966,4/9/2021,,4/18/2021,Adidas Climalite Black / Black Leggings,Completed,Texas,Minnesota,30,0,30,3.65,3,1.17,0,22.18,2.48,,
m34387637148,4/16/2021,,4/22/2021,Tree Hut Sugar Scrub + Facial Oil New,Completed,Texas,Minnesota,11,4.99,15.99,0,1.1,0.62,0,9.28,1.32,,
m25060089221,4/21/2021,,4/26/2021,Chacos Sandals W9 Gray Brown,Completed,Texas,Minnesota,40,0,40,4.8,4,1.46,0,29.74,3.3,,
m66307673463,4/17/2021,,4/30/2021,NWT Kansas City Chiefs T Shirt Large,Completed,Texas,Minnesota,20,0,20,3.49,2,0.88,0,13.63,1.65,,
m80509030687,4/22/2021,,5/2/2021,Panic At The Disco Sweatshirt PFTW,Completed,Texas,Minnesota,7,3.65,10.65,0,0.7,0.5,0,5.8,0.88,,
m79749701358,4/28/2021,,5/5/2021,Black nike crewneck sweatshirt small,Completed,Texas,Minnesota,14,0,14,3.65,1.4,0.71,0,8.24,1.16,,
m41444082320,5/1/2021,,5/8/2021,Disney Princess Wet Brush Cinderella,Completed,Texas,Minnesota,10,3.49,13.49,0,1,0.59,0,8.41,1.11,,
m51078791336,5/3/2021,,5/8/2021,Aerie Leggings With Pockets Large,Completed,Texas,Minnesota,13,0,13,3.65,1.3,0.68,0,7.37,1.07,,
m89941418003,5/6/2021,,5/11/2021,Starbucks Cockatoo Bird Tumbler Lid,Completed,Texas,Minnesota,12,3.65,15.65,0,1.2,0.65,0,10.15,1.29,,
m99432808015,5/11/2021,,,Starbucks OG Metal Venti Straw SS HTF,In process,Texas,Minnesota,15,3.65,18.65,0,1.5,0.74,0,12.76,1.54,,
m43317697869,5/14/2021,,,Starbucks Blue Paisley Tumbler,In process,Texas,Minnesota,45,0,45,7.99,4.5,1.61,0,30.9,3.71,,
m35933291606,6/22/2021,,6/26/2021,Starbucks Reusable Cold Cup Set 2019,Completed,Texas,Minnesota,31,4.8,0,3.1,1.2,0,26.7,2.95,0,,
m83268561802,6/30/2021,,7/6/2021,Converse x Patbo Floral Embroidered W6,Completed,Texas,Minnesota,18,4.8,0,1.8,0.82,0,15.38,1.54,0,,
m76577290198,7/1/2021,,7/12/2021,Starbucks SS Jungle Print Venti Tumbler,Completed,Texas,Minnesota,33,0,4.8,3.3,1.26,0,23.64,2.72,0,,
m13496187255,7/1/2021,,7/13/2021,Dinosaur Kids Tervis Tumbler Like New,Completed,Texas,Minnesota,12,0,4.8,1.2,0.65,0,5.35,0.99,0,,
m11191481807,8/4/2021,,8/12/2021,Women's XL 1X T Shirt Short Sleeve Tees,Completed,Texas,Minnesota,25,0,4.8,2.5,1.03,0,16.67,2.06,0,,
m72160237823,8/8/2021,,8/13/2021,CRACKED NWT Starbucks Chevron Tumbler,Completed,Texas,Minnesota,10,7.99,0,1,0.59,0,8.41,1.48,0,,
m78973787297,8/8/2021,,8/14/2021,NWT Starbucks Purple Floral Venti Cup,Completed,Texas,Minnesota,40,7.99,0,4,1.46,0,34.54,3.96,0,,
m83233102936,8/25/2021,,9/2/2021,NEW 40DD Vanity Fair Gray Full Lace Bra,Completed,Texas,Minnesota,13,0,3.65,1.3,0.68,0,7.37,0.88,0,,
m99006653225,9/18/2021,,9/29/2021,NWT Starbucks Glow In The Dark Spiderweb Black Grande Tumbler GITD NWT Halloween,Completed,Texas,Minnesota,25,7.99,0,2.5,1.03,0,21.47,2.23,0,,
m59088318690,10/9/2021,,10/14/2021,Harvard Quarter Zip Sweatshirt College 375 Large Cotton Jansport Gray,Completed,Texas,Minnesota,25,0,3.65,2.5,1.03,0,17.82,2.06,0,,
m15775600390,10/10/2021,,10/16/2021,Columbia High Waisted Black Leggings Medium Pockets,Completed,Texas,Minnesota,21,0,3.65,2.1,0.91,0,14.34,1.73,0,,
m91698202592,10/9/2021,,10/16/2021,Floral Off Shoulder Romper Pink Large,Completed,Texas,Minnesota,18,0,3.65,1.8,0.82,0,11.73,1.49,0,,
m27653374576,10/13/2021,,10/16/2021,Spirited Away Studio Ghibli Wrap Dress V-Neck XL Her Universe Black Confetti,Completed,Texas,Minnesota,40,0,3.65,4,1.46,2.34,28.55,3.3,0,,
m72845589533,10/18/2021,,10/25/2021,Starbucks Black Matte Bubba Tumbler HTF,Completed,Texas,Minnesota,51,0,7.99,5.1,1.78,0,36.13,3.19,0,,
m16913568966,10/15/2021,,10/25/2021,Calvin Klein Navy Blue Knit Beanie Hat Slouch Winter Adult Acrylic Wool,Completed,Texas,Minnesota,15,0,3.65,1.5,0.74,0,9.11,1.24,0,,
m28157154791,10/25/2021,,10/29/2021,NEW Nike Gray Sportswear Club Joggers Sweatpants Mens Medium Discontinued,Completed,Texas,Minnesota,35,0,3.65,3.5,1.32,0,26.53,2.89,0,,
m98827568353,11/1/2021,,11/7/2021,"Vintage Pyrex Ponderosa Steak House Luncheon Plate 6.25"" Restaurant Ware Glass",Completed,Texas,Minnesota,12,4.8,0,1.2,0.65,0,10.15,1.39,0,,
m28553689622,11/4/2021,,11/9/2021,Starbucks Icy White Studded Tumbler Set Grande and Venti Bling Cup NWT Holiday,Completed,Texas,Minnesota,70,12,0,7,2.33,0,60.67,5.95,0,,
m16000577713,11/4/2021,,11/9/2021,Starbucks Rose Gold Diamond Grid Tumbler Set Grande and Venti NWT Holiday 2021,Completed,Texas,Minnesota,85,12,0,8.5,2.77,0,73.73,8,0,,
m48938572947,11/10/2021,,11/16/2021,NWT Starbucks Icy White Studded Venti Tumbler Holiday 2021 Lavender Glitter,Completed,Texas,Minnesota,35,12,0,3.5,1.32,0,30.18,3.88,0,,
m71241886489,11/25/2021,,12/3/2021,Tommy Bahama Floral Satin Lined Quarter Zip Gray Knit Womens XL,Completed,Texas,Minnesota,28,3.65,0,2.8,1.11,0,24.09,2.61,0,,
m94067179570,2/3/2021,,2/11/2021,Vans Red Roses Old Skool Mid Top Shoes,Completed,Utah,Minnesota,32,4.99,36.99,0,3.2,1.23,0,27.57,2.16,,
m81336748546,2/24/2021,,3/2/2021,Black Hi Top Vans 7.5 Like New Stitches,Completed,Utah,Minnesota,30,4.99,34.99,0,3,1.17,0,25.83,2.18,,
m69414257148,10/13/2021,,10/16/2021,NWT Starbucks Vietnam Matte Frosted Soft Touch Venti Tumbler 20 oz Rare HTF,Completed,Utah,Minnesota,44,12,0,4.4,1.58,0,38.02,3.41,0,,
m93765696907,2/20/2021,,2/27/2021,Athleta Black Joggers size 8 medium,Completed,Vermont,Minnesota,65,3.49,68.49,0,6.5,2.19,0,56.31,0,,
m59716165762,6/29/2021,,7/5/2021,Huge Scuba Gear Hello Kitty Squishmallow,Completed,Vermont,Minnesota,28,7.99,0,2.8,1.11,0,24.09,2.52,0,,
m80374926138,1/18/2021,,1/23/2021,Nike HyperDunk X Low Black,Completed,Virginia,Minnesota,28,4.99,32.99,0,2.8,1.11,0,24.09,1.48,,
m35502642833,2/6/2021,,2/13/2021,FILA Sweatshirt and Jeans Bundle small,Completed,Virginia,Minnesota,20,0,20,3.49,2,0.88,0,13.63,1.06,,
m15426332424,2/11/2021,,2/20/2021,Nike Dri Fit Black Long Sleeve Womens Sm,Completed,Virginia,Minnesota,14,0,14,3.49,1.4,0.71,0,8.4,0.84,,
m53543234947,2/18/2021,,2/28/2021,Columbia PFG Hoodie Medium Fleece,Completed,Virginia,Minnesota,30,0,30,3.49,3,1.17,0,22.34,1.8,,
m16547698002,3/3/2021,,3/9/2021,Starbucks Honeycomb Studded Grande,Completed,Virginia,Minnesota,29,0,29,3.65,2.9,1.14,0,21.31,1.74,,
m83589791635,3/3/2021,,3/10/2021,NEW gray suede vans size 9 velvet,Completed,Virginia,Minnesota,22,3.49,25.49,0,2.2,0.94,0,18.86,1.17,,
m47705931556,3/5/2021,,3/13/2021,Bundle- Michelle Eleni Reserved,Completed,Virginia,Minnesota,116,0,116,9.99,11.6,3.66,0,90.75,6.96,,
m56841438845,5/3/2021,,5/10/2021,Hydrapeak Bottle and Wine Tumblers New,Completed,Virginia,Minnesota,21,7.99,28.99,0,2.1,0.91,0,17.99,1.26,,
m86403135848,5/3/2021,,5/12/2021,Nike Matte Indented Logo Sweatshirt XXL,Completed,Virginia,Minnesota,9,0,9,3.65,0.9,0.56,0,3.89,0.48,,
m62734276504,6/22/2021,,6/27/2021,Crocs Pink Jelly Slip Ons W8 Orange Flat,Completed,Virginia,Minnesota,14,0,3.65,1.4,0.71,0,8.24,0.98,0,,
m27999181778,7/26/2021,,8/3/2021,Pyrex Sandalwood White 443 Vintage Bowl,Completed,Virginia,Minnesota,25,7.99,0,2.5,1.03,0,21.47,1.5,0,,
m33917487768,8/15/2021,,8/20/2021,NWT Starbucks Gold Ombre Venti Tumbler,Completed,Virginia,Minnesota,26,7.99,0,2.6,1.05,0,22.35,1.56,0,,
m14707311823,10/24/2021,,10/30/2021,Nike Dri Fit Pro Indy Sports Bra Black Chevron Large,Completed,Virginia,Minnesota,16,0,3.65,1.6,0.76,0,9.99,0.96,0,,
m65407674615,11/7/2021,,11/13/2021,Simply Southern Pursuit of Preppiness Long Sleeve Tee Large Black Navy Blue Rare,Completed,Virginia,Minnesota,24,0,3.65,2.4,1,0,16.95,1.44,0,,
m38746610540,2/8/2021,,2/13/2021,Steve Madden Slip On Shoes Flats 7 6.5,Completed,West Virginia,Minnesota,20,0,20,3.49,2,0.88,0,13.63,1.2,,
m74208535289,2/26/2021,,3/5/2021,Adidas Basics Track Jacket Black,Completed,West Virginia,Minnesota,10,3.49,13.49,0,1,0.59,0,8.41,0.94,,
m39398838111,3/25/2021,,3/29/2021,Starbucks Thailand Gray Felt Tumbler,Completed,West Virginia,Minnesota,28,5.99,33.99,0,2.8,1.11,0,24.09,2.38,,
m31712709629,11/18/2021,,11/24/2021,403 Vintage Pyrex Snowflake Garland Milk Glass Mixing Bowl Blue,Completed,West Virginia,Minnesota,30,12,0,3,1.17,0,25.83,2.52,0,,
m59025678477,1/24/2021,,1/30/2021,3 Aromatherapy Essential Oil Rollers NWT,Completed,Wisconsin,Minnesota,9,0,9,4.6,0.9,0.56,0,2.94,0.5,,
m43170690642,2/4/2021,,2/11/2021,University of Minnesota Columbia Hoodie,Completed,Wisconsin,Minnesota,28,0,28,3.49,2.8,1.11,0,20.6,1.54,,
m44037894291,2/11/2021,,2/16/2021,Packers Fleece Pullover Sweatshirt Mediu,Completed,Wisconsin,Minnesota,11,3.49,14.49,0,1.1,0.62,0,9.28,0.8,,
m68015585790,2/15/2021,,2/20/2021,RESERVED BUNDLE,Completed,Wisconsin,Minnesota,35,4.99,39.99,0,3.5,1.32,0,30.18,2.2,,
m11536680159,2/19/2021,,2/24/2021,Champion Sweatshirt Fleece Vintage Med,Completed,Wisconsin,Minnesota,21,3.49,24.49,0,2.1,0.91,0,17.99,1.22,,
m60320350465,2/28/2021,,3/4/2021,Disney Princess Wet Brush Detangler,Completed,Wisconsin,Minnesota,12,3.49,15.49,0,1.2,0.65,0,10.15,0.77,,
m65797317018,3/17/2021,,3/23/2021,Aerie Crossover TikTok Leggings Green,Completed,Wisconsin,Minnesota,30,0,30,3.65,3,1.17,0,22.18,1.65,,
m35012182239,3/21/2021,,3/25/2021,Mint Teal Fuzzy Bayabamd Crocs 9,Completed,Wisconsin,Minnesota,25,4.8,29.8,0,2.5,1.03,0,21.47,1.64,,
m85221189216,3/30/2021,,4/5/2021,"New Dumbo Squishmallow 5""",Completed,Wisconsin,Minnesota,10,3.65,13.65,0,1,0.59,0,8.41,0.75,,
m92119091227,4/12/2021,,4/19/2021,Athleta Black Capri Leggings Large,Completed,Wisconsin,Minnesota,30,0,30,3.65,3,1.17,0,22.18,1.65,,
m51705072023,4/29/2021,,5/3/2021,Like New Boys Crocs C6 Black Red Blue,Completed,Wisconsin,Minnesota,19,0,19,3.65,1.9,0.85,0,12.6,1.05,,
m47996732865,5/1/2021,,5/9/2021,Colorado Mountains 2XL Sweatshirt,Completed,Wisconsin,Minnesota,15,0,15,3.65,1.5,0.74,0,9.11,0.83,,
m84921355190,6/11/2021,,6/18/2021,Converse Chuck Taylor American Flag Hi,Completed,Wisconsin,Minnesota,20,4.8,0,2,0.88,0,17.12,1.36,0,,
m38155268272,6/25/2021,,6/29/2021,Boppy Pillow Protective Slipcover NEW,Completed,Wisconsin,Minnesota,15,0,3.65,1.5,0.74,1.15,7.96,0.83,0,,
m53226080843,8/14/2021,,8/18/2021,Maine Gray Soft Hoodie Sweatshirt 2XL,Completed,Wisconsin,Minnesota,15,4.8,0,1.5,0.74,0,12.76,1.09,0,,
m32499843826,8/20/2021,,8/23/2021,Starbucks Black Matte Replacement Lid,Completed,Wisconsin,Minnesota,12,3.65,0,1.2,0.65,0,10.15,0.86,0,,
m41216555694,9/24/2021,,9/29/2021,Anthropologie P Initial Gold Coffee Mug,Completed,Wisconsin,Minnesota,10,5.99,0,1,0.59,0,8.41,0.88,0,,
m57922785223,11/1/2021,,11/7/2021,NWT Lularoe Amelia Dress XL Black Beige Pockets Discontinued Vault,Completed,Wisconsin,Minnesota,25,0,3.65,2.5,1.03,0,17.82,1.38,0,,
,,,,,,,,,,,,,,,,,,
Totals:,,,,,,,,16352,1771.84,10582.52,1643.22,1211.25,453.75,5518.96,7581.84,586.33,,
,,,,,,,Average,24.62650602,,,,,,,,,,