 Sales Report ,,,,,,,,,,,,,,,,,,,,,,,,
12/01/2021 - 12/01/2023,,,,,,,,,,,,,,,,,,,,,,,,
,,,,,,,,,,,,,,,,,,,,,,,,
,,,,,,,,,,,,,,,,,,,,,,,,
,,,,,,,,,,,,,,,,,,,,,,,,
Listing Date,Order Date,SKU,Order Id,Listing Title,Department,Category,Subcategory,Brand,Color,Size,Bundle Order?,Offer Order,NWT,Order Price,Lowest Set Price,Seller Shipping Discount,Upgraded Shipping Label Fee,Net Earnings,Buyer State,Buyer Zip Code,Sales Tax (Paid by Buyer),Sales Tax (Paid by Seller),Notes,Other Info
11/28/2021,11/30/2021,,61a6cfdc7824da802a89ed0a,Authentic preowned Coach Handbag: Hampton black-gray Jacquard Signature Carryall,Women,Bags,Totes,Coach,"Black,Gray",OS,N,Y,N,$35.00,$52.00,$1.50,$0.00,$26.50,TX,78254,$3.38,$0.00,,
12/06/2021,12/12/2021,,61b5dd47d4c4e8a10980dc74,Pre-owned Tory Burch Sunglasses Case only with the pouch (orange),Women,Other,,Tory Burch,"Orange,Gold",OS,N,Y,N,$16.00,$19.00,$1.50,$0.00,$11.30,FL,33455,$1.43,$0.00,,
12/07/2021,12/07/2021,,61b040b78a92fbf52f56f34d,Preowned Justin West Concealed Carry Buckle Embroidered wallet,Women,Bags,Shoulder Bags,Montana West,"Black,Silver",OS,N,Y,N,$15.00,$17.00,$0.00,$0.00,$12.00,TX,76520,$1.53,$0.00,,
12/11/2021,12/12/2021,,61b6803d72c2464bcb828ab4,Preowned genuine leather Tignanello shoulder/Handbag,Women,Bags,Shoulder Bags,Tignanello,Red,OS,N,Y,N,$28.00,$32.00,$0.00,$0.00,$22.40,TX,79109,$2.93,$0.00,,
12/08/2021,12/14/2021,,61b984c9bf2d1835258d1c70,Vera Bradley double strap shoulder bag with matching makeup bag,Women,Bags,Shoulder Bags,Vera Bradley,"Brown,Blue",OS,N,Y,N,$20.00,$28.00,$0.00,$0.00,$16.00,AL,35611,$1.60,$0.00,,
12/12/2021,12/15/2021,,61b9c01d7824da4aa46d57f1,Preowned kate spade Jae blue Medium Satchel Purse with Crossbody Strap,Women,Bags,Satchels,kate spade,Blue,OS,N,Y,N,$29.00,$45.00,$0.00,$0.00,$23.20,FL,32703,$2.38,$0.00,,
11/27/2021,12/16/2021,,61bbe13fe1d990fba32b4cdf,Bundle of Relic animal wallets/coin purses,Women,Bags,Wallets,Relic,"Tan,Black",OS,N,Y,Y,$47.00,$50.00,$0.00,$0.00,$37.60,TX,78132,$3.97,$0.00,,
12/12/2021,12/17/2021,,61bd3d303147183b94164de1,Vintage Kenneth Jay Lane Giraffe Print Bangle,Women,Jewelry,Bracelets,Kenneth Jay Lane,"Gold,White",OS,N,Y,N,$47.00,$55.00,$0.00,$0.00,$37.60,WI,53511,$3.00,$0.00,,
12/07/2021,12/17/2021,,61bd5377afe96be6d28b1e7a,PRADA sunglass case. saffiano leather. like new.,Women,Accessories,Sunglasses,Prada,"Black,Silver",OS,N,N,N,$16.00,$16.00,$0.00,$0.00,$12.80,TX,78163,$1.94,$0.00,,
12/05/2021,12/29/2021,,61cd1b3cb69e9e9139040d0c,Vintage Brass Rocking Horse Figurine R.O.C made in Taiwan,Home,Art,,Vintage,Gold,OS,Y,Y,N,$26.05,$27.00,$3.53,$0.00,$17.31,MO,63017,--,,State does not currently impose a sales tax.,
12/29/2021,12/29/2021,,61cd1b3cb69e9e9139040d0c,NWOT PANDORA Angel Wing and Heart Charm,Women,Jewelry,Bracelets,Pandora,"Gold,Silver",OS,Y,Y,N,$28.95,$30.00,$3.92,$0.00,$19.24,MO,63017,--,,State does not currently impose a sales tax.,
12/29/2021,01/05/2022,,61d61e14aa54270300b5793e,NWT Kate Spade treasure trove multicolor stone necklace and  drop earrings set,Women,Jewelry,Earrings,kate spade,"Pink,Red",OS,N,N,Y,$120.00,$120.00,$0.00,$0.00,$96.00,NJ,8009,$8.44,$0.00,,
04/11/2021,02/02/2022,,61fa6dc68a92fb35753c8a10,Large Juicy Couture wristlet,Women,Bags,Clutches & Wristlets,Juicy Couture,"Pink,White",OS,N,N,Y,$22.00,$19.00,$0.00,$0.00,$17.60,VA,20175,$1.32,$0.00,,
12/06/2021,02/08/2022,,6202dafb5cd1fbc15e0ac4ff,Swarovski Crystal Figurine 679352 - 3 Mini Starfishes Box & Papers,Women,Other,,Swarovski,Silver,OS,N,Y,N,$20.00,$39.00,$0.00,$0.00,$16.00,MI,48820,$1.65,$0.00,,
02/08/2022,02/11/2022,,62072e7d93a1e9dcd2044553,COPY - Large Juicy Couture wristlet,Women,Bags,Clutches & Wristlets,Juicy Couture,"Pink,White",OS,N,Y,Y,$22.00,$25.00,$1.50,$0.00,$16.10,CA,96080,$1.66,$0.00,,
02/09/2022,02/20/2022,,62129b4e7d03b71d4f4f9db2,NWT Juicy Couture Black All Out Of Love Women's Backpack. W/ Comp Wallet Set,Women,Bags,Backpacks,Juicy Couture,"Gold,Black",OS,N,Y,Y,$45.00,$51.00,$1.50,$0.00,$34.50,GA,30134,$3.57,$0.00,,
02/12/2022,02/19/2022,,6211d7e263de85a2e4ad5c3c,Vintage Denim style Fossil Handbag,Women,Bags,Shoulder Bags,Fossil,"Orange,Blue",OS,N,Y,N,$12.00,$15.00,$0.00,$0.00,$9.05,HI,96720,$0.88,$0.00,,
02/20/2022,02/20/2022,,6212c4f721dac795221edee3,NWT Michael Kors logo reversible belt. Size: L & M,Women,Accessories,Belts,Michael Kors,"Cream,Gold",M,N,Y,Y,$28.00,$40.00,$1.50,$0.00,$20.90,IL,62563,$2.46,$0.00,,
02/07/2022,02/20/2022,,62133bbef866a54d2b64deae,Betsey Johnson Heart Quilted Leather Satchel with Bow complimenting wallet,Women,Bags,,Betsey Johnson,"Black,Pink",OS,N,Y,N,$41.00,$46.00,$1.50,$0.00,$31.30,TX,75214,$3.87,$0.00,,
02/05/2022,02/26/2022,,6219de5d9bd5efb46c4b5ca3,Michael Kors Fanny pack bundle size M,Women,Bags,,Michael Kors,"Black,Gray",M,N,N,Y,$37.00,$37.00,$0.00,$0.00,$29.60,GA,30034,$3.58,$0.00,,
12/12/2021,02/26/2022,,621a6c75f9de51ab552226e1,Swarovski Crystal Purple Heart necklace,Women,Jewelry,Necklaces,Swarovski,Purple,OS,N,N,N,$27.00,$27.00,$1.72,$0.00,$19.88,CO,80401,$1.22,$0.00,,
02/07/2022,03/01/2022,,621eabf342384c3118a6b8b2,No boundaries spotted mini backpack,Women,Bags,Backpacks,No Boundaries,"Red,White",OS,N,N,Y,$9.00,$9.00,$0.00,$0.00,$6.05,PA,17084,$1.00,$0.00,,
03/09/2022,03/10/2022,,622a00f4fdea1bb59ab09a95,Preowned Michael Kors Handbag Morgan Tote Embossed Logo Saffiano Leather Bag,Women,Bags,Totes,Michael Kors,Black,OS,N,Y,N,$47.00,$53.00,$1.72,$0.00,$35.88,PA,15122,$3.71,$0.00,,
02/07/2022,03/13/2022,,622e8c788d97846d51db6fb8,Large vintage chestnut brown Dooney & Bourke double pocket hobo,Women,Bags,,Dooney & Bourke,Brown,OS,N,Y,N,$37.00,$42.00,$1.72,$0.00,$27.88,CA,92591,$3.24,$0.00,,
03/13/2022,03/13/2022,,622ec27473d961b63c286e96,Womens Reversible Michael Kors belt- Medium,Women,Accessories,Belts,Michael Kors,"Brown,Tan",M- cream/tan,N,N,Y,$36.00,$36.00,$0.00,$0.00,$28.80,MI,48335,$2.62,$0.00,,
03/13/2022,03/14/2022,,622f8c85ca86645f888f228c,Preowned Patricia Nash Smooth Leather Tote,Women,Bags,Totes,Patricia Nash,Brown,OS,N,Y,N,$40.00,$45.00,$7.67,$0.00,$24.33,TN,37921,$3.70,$0.00,,
03/16/2022,03/18/2022,,60c73c3f0bee6254e34f4bf1,NEW Black platform Chunky Heel Open Toe Strappy Buckle Sandals- size-11,Women,Shoes,Heels,Source Unknown,Black,11,Y,Y,N,$21.47,$28.00,$0.00,$0.00,$17.18,OH,45701,$1.74,$0.00,,
03/14/2022,03/18/2022,,60c73c3f0bee6254e34f4bf1,Bollywood kundan style hathphool,Women,Jewelry,,,"Gold,White",OS,Y,Y,N,$16.87,$22.00,$0.00,$0.00,$13.50,OH,45701,$1.41,$0.00,,
03/16/2022,03/18/2022,,60c73c3f0bee6254e34f4bf1,Preowned Coach Brown Signature Sateen Wristlet,Women,Bags,Clutches & Wristlets,Coach,"Brown,Tan",OS,Y,Y,N,$30.66,$40.00,$0.00,$0.00,$24.52,OH,45701,$2.41,$0.00,,
03/09/2022,03/20/2022,,6237c4d2e41fe0930b7b5d0b,Preowned Betsy Johnson Black Studded Bow Crossbody Handbag,Women,Bags,Shoulder Bags,Betsey Johnson,"Black,Gold",OS,N,Y,N,$27.00,$35.00,$0.00,$0.00,$21.60,PA,15216,$2.43,$0.00,,
03/16/2022,03/20/2022,,6237e04e545a79148dfeed32,Preowned COACH 10124 SIGNATURE TOTE BAG,Women,Bags,Totes,Coach,"Brown,Tan",OS,N,Y,N,$40.00,$55.00,$1.72,$0.00,$30.28,VA,23513,$2.40,$0.00,,
03/24/2022,03/24/2022,,623ca42b02bd60c503c565d7,Womens Reversible Michael Kors belt- Medium,Women,Accessories,Belts,Michael Kors,"Brown,Tan",M- cream/tan,N,Y,Y,$28.00,$32.00,$1.72,$0.00,$20.68,SC,29687,$2.04,$0.00,,
03/16/2022,03/24/2022,,623c970acdb478d4a3f47a6b,Like-new Vince Camuto taupe colored Booties size-7,Women,Shoes,Ankle Boots & Booties,Vince Camuto,"Gray,Tan",7,N,Y,N,$32.00,$36.00,$1.72,$0.00,$23.88,UT,84047,$2.32,$0.00,,
03/13/2022,03/16/2022,,6231954f57de97b0626f713d,Vera Bradley Va Va Bloom Kisslock Wallet,Women,Bags,Wallets,Vera Bradley,"Green,Pink",OS,N,Y,N,$32.00,$36.00,$1.72,$0.00,$23.88,AR,72404,$2.85,$0.00,,
03/15/2022,03/25/2022,,623debe6400977c2cfc931b6,"Preowned Vera Bradley ""winter berry"" Triple Zip Hipster Crossbody",Women,Bags,Crossbody Bags,Vera Bradley,"Black,Pink",OS,N,N,N,$36.00,$36.00,$0.00,$0.00,$28.80,TN,38017,$4.26,$0.00,,
03/11/2022,03/17/2022,,6233a239f5c2441dc02d08a6,Juice Couture OnThe Right Track In Bloom Crossbody,Women,Bags,Wallets,Juicy Couture,"Pink,Black",OS,N,N,Y,$28.00,$28.00,$0.00,$0.00,$22.40,FL,32680,$2.24,$0.00,,
03/09/2022,03/25/2022,,623ea1764220b5d2fdfbf332,Coach vintage patchwork bag  b06s-100000,Women,Bags,Shoulder Bags,Coach,"Blue,Silver",OS,N,Y,N,$40.00,$49.00,$0.00,$0.00,$32.00,CA,93534,$4.10,$0.00,,
03/26/2022,04/01/2022,,6247b89432a84af5f8b76e4d,Amrita Singh black gemstone necklace,Women,Jewelry,Necklaces,Amrita Singh,"Black,Silver",OS,N,Y,N,$21.00,$25.00,$0.00,$0.00,$16.80,TX,77386,$2.08,$0.00,,
03/26/2022,04/01/2022,,624791ed3c135c050f91e00e,Bebe turquoise colored Chandelier earrings (like new),Women,Jewelry,Earrings,bebe,"Silver,Blue",OS,N,Y,N,$12.00,$16.00,$1.72,$0.00,$7.33,GA,30265,$1.26,$0.00,,
03/16/2022,03/31/2022,,62357815e1d9903b71655fde,‚Äú Forbidden Fruit ‚Äú Juicy Couture Backpack,Women,Bags,Backpacks,Juicy Couture,"White,Orange",OS,N,Y,N,$32.00,$42.00,$0.00,$0.00,$25.60,UT,84318,$2.22,$0.00,,
03/09/2022,04/07/2022,,624ef73296620ea4fa84c75c,Authentic preowned ARCADIA Patent Leather Black Handbag Made In ITALY,Women,Bags,Satchels,Arcadia,"Black,Tan",OS,N,Y,N,$35.00,$49.00,$0.00,$0.00,$28.00,IL,60076,$4.38,$0.00,,
03/14/2022,04/05/2022,,624c9ce447471a68f3a787e7,Kate Spade Leslie Gold Block Heels Black Pumps Made in Italy,Women,Shoes,Heels,kate spade,"Black,Gold",8,N,Y,N,$35.00,$45.00,$0.00,$0.00,$28.00,TN,37604,$4.06,$0.00,,
03/21/2022,03/31/2022,,62467c50b13b50daa40a2d93,Preowned Marc by Marc Jacobs Preppy Sia Nylon Crossbody,Women,Bags,Crossbody Bags,Marc By Marc Jacobs,"Black,Gold",OS,N,Y,N,$24.00,$29.00,$0.00,$0.00,$19.20,TX,78526,$2.61,$0.00,,
03/23/2022,04/04/2022,,624b322f33f26fdfc335598e,Naturalizer Denali Booties Women's Shoes,Women,Shoes,Ankle Boots & Booties,Naturalizer,Brown,9,N,Y,N,$25.00,$29.00,$0.00,$0.00,$20.00,WY,82070,$1.50,$0.00,,
04/01/2022,04/05/2022,,624c7499feae3610ba0a1f18,Betsey Johnson Black PU Bow Gold Studded Convertible Handbag,Women,Bags,Shoulder Bags,Betsey Johnson,Black,OS,N,Y,N,$15.00,$17.00,$0.00,$0.00,$12.00,CA,93560,$1.09,$0.00,,
12/12/2021,04/10/2022,,625341b04e287651213d85d8,Vintage Monet Rhinestone Brooch,Women,Jewelry,Brooches,Monet,"Purple,Pink",OS,N,Y,N,$9.00,$10.00,$1.72,$0.00,$4.33,WA,98033,$1.53,$0.00,,
03/26/2022,04/09/2022,,62523ac63b4978301806281a,jessica simpson earthly treasure teal flower earrings,Women,Jewelry,Earrings,Jessica Simpson,"Blue,Silver",OS,N,N,Y,$11.00,$11.00,$0.00,$0.00,$8.05,AZ,85209,$0.92,$0.00,,
03/09/2022,04/12/2022,,6255e728421e3255e82e134d,Authentic preowned Tignanello Leather Tote Shoulder Bag Printed Bed Of Roses,Women,Bags,Shoulder Bags,Tignanello,"Blue,Yellow",OS,N,Y,N,$18.00,$16.00,$1.72,$0.00,$12.68,IN,46410,$1.26,$0.00,,
04/10/2022,04/11/2022,,62545db5fc204de0e7859ba4,Preowned Sam Edelman Hazel Pointed Toe High-Heel Pumps-size 7.5,Women,Shoes,Heels,Sam Edelman,Black,7.5,N,Y,N,$40.00,$55.00,$0.00,$0.00,$32.00,VT,5672,$0.00,$0.00,This sale is exempt from sales tax.,
03/26/2022,04/09/2022,,625250c19317926bb9a5dcf6,VTG Les Bernard screw clip back earrings,Women,Jewelry,Earrings,Les Bernard,Gold,OS,N,N,N,$11.00,$11.00,$0.00,$0.00,$8.05,MA,1930,$0.69,$0.00,,
04/07/2022,04/11/2022,,62545e62170e4a04973ed32e,Vintage Brass Gothic Mini Candelabra Candle Holder,Home,Accents,Candles & Holders,Vintage,Gold,OS,N,Y,N,$12.00,$17.00,$1.72,$0.00,$7.33,MO,65720,--,,State does not currently impose a sales tax.,
03/16/2022,04/11/2022,,625428655dfeb5684b5193d1,Men‚Äôs Genuine leather timberland belt (black),Men,Accessories,Belts,Timberland,Black,38,N,N,Y,$26.00,$23.00,$0.00,$0.00,$20.80,MS,38655,$1.82,$0.00,,
03/16/2022,04/11/2022,,62542358468232bc888fb0ae,Betsey Johnson Sling Jute Platform Wedges,Women,Shoes,Sandals,Betsey Johnson,"Cream,White",6.5,N,Y,N,$15.00,$17.00,$0.00,$0.00,$12.00,FL,33785,$1.59,$0.00,,
03/26/2022,04/09/2022,,6252313e5561f731686e92dc,Armani Exchange Dangle Earrings,Women,Jewelry,Earrings,A/X Armani Exchange,"Black,Silver",OS,N,N,N,$15.00,$15.00,$0.00,$0.00,$12.00,MI,49221,$1.36,$0.00,,
04/01/2022,04/14/2022,,6258cd9447e0e4eac963c082,Steve Madden Logo Embossed Wristlet/Wallet/Cosmetic bag,Women,Bags,Clutches & Wristlets,Steve Madden,Black,OS,N,N,N,$25.00,$25.00,$0.00,$0.00,$20.00,MO,63123,--,,State does not currently impose a sales tax.,
03/09/2022,04/09/2022,,62524dff0f00c3cb96549776,Large preowned Michael Kors Kempton Nylon Tote bag,Women,Bags,Shoulder Bags,Michael Kors,"Black,Brown",OS,N,N,N,$25.00,$25.00,$0.00,$0.00,$20.00,NJ,8360,$2.17,$0.00,,
03/27/2022,04/09/2022,,612b2e63a9598fe1ee855a6d,BOC Amherst Saddle Brown Tote Handbags B2550,Women,Bags,Crossbody Bags,boc,Brown,OS,N,Y,N,$33.00,$21.00,$1.72,$0.00,$24.68,PA,15563,$2.34,$0.00,,
04/07/2022,04/19/2022,,625f043a31cfff28cb50e772,Mid century modern vintage brass duck bookends!,Women,Other,,unbranded,Gold,OS,N,Y,N,$19.00,$18.00,$1.72,$0.00,$13.48,GA,30017,$1.50,$0.00,,
04/07/2022,04/16/2022,,625b0762db99b94e8de55b77,Vintage Brass Frog,Home,Accents,Decor,unbranded,Gold,OS,N,Y,N,$12.00,$11.00,$1.72,$0.00,$7.33,CA,93305,$0.87,$0.00,,
04/07/2022,04/16/2022,,625aaadb31471809b65064cc,Vintage Solid Brass Crab Ashtray,Home,Dining,Bar Accessories,Vintage,Gold,OS,N,Y,N,$13.00,$14.00,$1.72,$0.00,$8.33,CT,6472,$1.21,$0.00,,
04/07/2022,04/19/2022,,625a392016324758e798f510,Vintage solid Brass Owl Pair Figurines Paperweight Birds,Home,Accents,Decor,Vintage,Gold,OS,N,Y,N,$17.00,$18.00,$0.00,$0.00,$13.60,KS,66049,$2.30,$0.00,,
04/10/2022,04/21/2022,,626143780bee62080fef5b27,Michael Kors Maroon Leather Pumps,Women,Shoes,Heels,Michael Kors,"Red,Gold",10,N,Y,N,$27.00,$24.00,$1.72,$0.00,$19.88,OH,44445,$2.39,$0.00,,
04/07/2022,04/21/2022,,626115667e100840ffd9572e,Brass Seashell Trinket / Soap Dish,Home,Accents,Decor,Vintage,Gold,OS,N,Y,N,$13.00,$11.00,$1.72,$0.00,$8.33,OK,73116,$1.11,$0.00,,
04/07/2022,04/24/2022,,62662f85e1d9901fe909855a,DOONEY & BOURKE slim Saffiano Sophie Wallet-black,Women,Bags,Wallets,Dooney & Bourke,Black,OS,N,Y,N,$37.00,$42.00,$1.72,$0.00,$27.88,AZ,85747,$3.22,$0.00,,
04/22/2022,04/25/2022,,6266c513b13b506af581195e,Juicy Couture Pink Bloom Black Furget Me Not Faux Leather ZA Wallet NWT,Women,Bags,Wallets,Juicy Couture,"Black,Pink",OS,N,N,Y,$26.00,$26.00,$0.00,$0.00,$20.80,KY,41018,$2.02,$0.00,,
04/09/2022,04/21/2022,,6261b8dae6283c699654965d,ü§ç NewJuicy Couture satchel purse,Women,Bags,,Juicy Couture,"White,Gold",OS,N,Y,Y,$33.00,$30.00,$1.72,$0.00,$24.68,CA,90804,$3.38,$0.00,,
04/26/2022,04/26/2022,,62671aabf9de5187aaecac1a,VINTAGE CHANEL Double Chain Logo Short Necklace 06P No.18196,Women,Jewelry,Necklaces,CHANEL,Silver,OS,N,Y,N,$250.00,$280.00,$0.00,$0.00,$200.00,CA,95111,$23.45,$0.00,,
04/22/2022,04/27/2022,,626975706afdc3073800c323,Medium Womens Reversible Michael Kors belt,Women,Accessories,Belts,Michael Kors,"Brown,Black",M,N,Y,Y,$22.00,$25.00,$1.72,$0.00,$15.88,TX,77705,$1.89,$0.00,,
04/07/2022,04/30/2022,,626c45fb20fc70f1871ffcaa,Adorable Vintage Brass Penguin,Home,Accents,Decor,unbranded,Gold,OS,N,Y,N,$11.00,$12.00,$0.00,$0.00,$8.05,NY,14414,$1.50,$0.00,,
04/26/2022,04/28/2022,,626b883ab30d699693555e2f,Vintage Crown Trifari-ALFRED PHILIPPE JEWELS OF INDIA - MOGUL CLIPON EARRINGS,Women,Jewelry,Bracelets,Trifari,"Blue,Green",OS,N,Y,N,$258.00,$290.00,$0.00,$0.00,$206.40,OR,97218,--,,State does not currently impose a sales tax.,
04/22/2022,04/29/2022,,626bedb757de97eb7d979ccd,Vintage Black Weiss Butterfly Brooch.,Women,Jewelry,Brooches,Albert Weiss,Black,OS,N,Y,N,$23.00,$38.00,$2.68,$0.00,$15.72,OR,97250,--,,State does not currently impose a sales tax.,
04/12/2022,05/01/2022,,626f3fa84e2876bce02a9705,Stunning Vintage White Beaded Clutch/ Evening bag,Women,Bags,Clutches & Wristlets,Vintage,White,OS,N,Y,N,$30.00,$35.00,$0.00,$0.00,$24.00,MN,55448,$2.69,$0.00,,
04/07/2022,04/30/2022,,626d8f231632477ccc14d956,Vintage brass animal figurine bird quail home,Home,Accents,Decor,unbranded,Gold,OS,N,Y,N,$10.00,$12.00,$1.72,$0.00,$5.33,VT,5201,$0.96,$0.00,,
04/27/2022,05/05/2022,,6273db566ab2f485e4cac72c,"1855 Email de Limoges Wildlife Safari Plate lot- Zebra, Cheetah, Tiger",Home,Dining,Serveware,Email de Limoges,"Black,Brown",OS,N,Y,N,$28.00,$35.00,$1.72,$0.00,$20.68,OH,44515,$2.54,$0.00,,
04/29/2022,05/04/2022,,627163820c0c9675f1f4b130,NWT Vera Bradley Blueberry Blooms Ditty Bag,Women,Bags,Cosmetic Bags & Cases,Vera Bradley,"Blue,Green",OS,N,Y,Y,$16.00,$19.00,$1.72,$0.00,$11.08,OR,97017,--,,State does not currently impose a sales tax.,
04/11/2022,05/02/2022,,626f2a0d584b3dc5e9e2c185,Simply Vera crossbody,Women,Bags,Crossbody Bags,Simply Vera Vera Wang,"Silver,Cream",OS,N,N,N,$6.00,$6.00,$2.68,$0.00,$0.37,MS,39429,$0.42,$0.00,,
04/27/2022,04/30/2022,,626d69b29ad844568200a8d9,Set Of 5 Williams Sonoma Brittany Farm Animal Salad Plates,Home,Kitchen,,Williams Sonoma,"Blue,Silver",OS,N,N,N,$45.00,$45.00,$0.00,$0.00,$36.00,VT,5081,$2.94,$0.00,,
04/17/2022,05/08/2022,,62786dac20fc70d2e351aecb,"NWOT Dana Buchman booties, size 6.5",Women,Shoes,Ankle Boots & Booties,Dana Buchman,Black,6.5,N,Y,Y,$14.00,$16.00,$1.72,$0.00,$9.33,TX,75067,$1.66,$0.00,,
04/07/2022,05/06/2022,,62750e38b21ef4e44e5cef7d,Vintage Brass Mid Century Flying Birds decor centerpiece paper weight,Home,Accents,Decor,Vintage,Gold,OS,N,Y,N,$12.00,$15.00,$0.00,$0.00,$9.05,NC,28721,$1.19,$0.00,,
05/08/2022,05/08/2022,,62785f9e5287795bc92f7a13,Pair of Brass Candlestick Holders Made In India,Home,Accents,Candles & Holders,unbranded,Gold,Circular w/ no handle,N,Y,N,$12.00,$15.00,$0.00,$0.00,$9.05,CA,94536,$1.23,$0.00,,
05/09/2022,05/09/2022,,6279d5e2314718f815bbd957,Vintage McDonalds Batman Forever Mug,Home,Dining,Drinkware,McDonalds,White,OS,N,N,N,$8.00,$8.00,$0.00,$0.00,$5.05,CA,91935,$0.62,$0.00,,
05/06/2022,05/12/2022,,627db243528779eb2c37437b,Elvis Presley 25th Anniversary Mantel Clock,Home,Other,,unknown,"White,Blue",OS,N,Y,N,$25.00,$25.00,$0.00,$0.00,$20.00,VA,24401,$1.33,$0.00,,
04/29/2022,05/12/2022,,627c554ab5125698417f5705,NWT Michael Kors Logo Belt Bag - Large,Women,Bags,,Michael Kors,"Gold,Pink",L,N,N,Y,$42.00,$42.00,$0.00,$0.00,$33.60,MA,1536,$2.63,$0.00,,
05/03/2022,05/20/2022,,628806f6db99b924fdfa94a6,Authentic Herm√®s Signature Silk Tie,Men,Accessories,Ties,Hermes,"Blue,Yellow",OS,N,Y,N,$60.00,$85.00,$0.00,$0.00,$48.00,TX,77901,$5.59,$0.00,,
04/07/2022,05/15/2022,,6281e1083c135c98a2e65d9f,Vintage etched brass tray/plate,Home,Accents,Decor,unbranded,Gold,OS,N,Y,N,$13.00,$17.00,$1.72,$0.00,$8.33,CA,91350,$1.23,$0.00,,
04/30/2022,05/19/2022,,6286edafeb7812921e037922,Apt.9 Polyester-Spandex Stretch Blouse Size L,Women,Tops,Blouses,Apt. 9,Brown,L,N,Y,N,$11.00,$16.00,$1.72,$0.00,$6.33,WA,98292,$1.55,$0.00,,
04/29/2022,05/19/2022,,6286cb87108a24558bff6a75,Madeline Stuart Espadrille Wedges- 7.5,Women,Shoes,Wedges,Madeline Stuart,"Tan,Gray",7.5,N,Y,N,$11.00,$16.00,$1.72,$0.00,$6.33,GA,30189,$1.02,$0.00,,
05/01/2022,05/23/2022,,628bb505eb7812302ae01399,Vintage Rana‚Äôs Collection Beaded Clutch Evening Bag- Navy Blue,Women,Bags,Clutches & Wristlets,Rana‚Äôs Collection,"Blue,Silver",OS,N,Y,N,$32.00,$41.00,$0.00,$0.00,$25.60,CT,6109,$2.52,$0.00,,
04/23/2022,05/24/2022,,628cd63bcdb478b2f8a94a72,"Women's Clarks, Everlay Bai Low Heel Maryjane Shoes (US 6)",Women,Shoes,Flats & Loafers,Clarks,Black,6,N,Y,N,$9.00,$12.00,$1.72,$0.00,$4.33,OR,97405,--,,State does not currently impose a sales tax.,
05/04/2022,05/24/2022,,628cdc9deb7812a3c959d280,Turquoise & Sterling Native American Cuff Bracelet,Women,Jewelry,Bracelets,unbranded,"Blue,Silver",OS,N,Y,N,$40.00,$50.00,$1.72,$0.00,$30.28,MT,59101,--,,State does not currently impose a sales tax.,
05/02/2022,05/26/2022,,62901502da8f9e585787b1a1,Gorgeous Vintage 1940s-1950s  Genuine Alligator Handbag Purse by Vassar,Women,Bags,,Vassar,"Gold,Brown",OS,N,Y,N,$63.00,$90.00,$1.72,$0.00,$48.68,WI,53527,$3.80,$0.00,,
05/23/2022,06/02/2022,,6298a7af32a84aea1e0727a9,Michael Kors Pebble Leather Shoulder Bag,Women,Bags,Hobos,Michael Kors,"Black,Tan",OS,N,N,N,$40.00,$40.00,$0.00,$0.00,$32.00,TX,77396,$3.46,$0.00,,
05/26/2022,06/04/2022,,629b640b1629580be84256d7,Authentic Vintage Givenchy Earrings,Women,Jewelry,Earrings,Givenchy,"Gold,White",OS,N,Y,N,$45.00,$60.00,$1.72,$0.00,$34.28,OH,44646,$3.31,$0.00,,
05/15/2022,05/28/2022,,629230ceed2f3fe10569c7bb,Preowned Coach Signature CC Logo Large Wristlet Clutch - Black Leather Trim,Women,Bags,Clutches & Wristlets,Coach,"Black,Gray",OS,N,Y,N,$19.00,$22.00,$1.72,$0.00,$13.48,MO,64127,--,,State does not currently impose a sales tax.,
04/30/2022,05/26/2022,,628e911520fc70f159300603,Vintage Faux Pearl Necklace White Beaded Necklace,Women,Jewelry,Necklaces,Unbranded,"White,Gold",OS,N,Y,N,$7.00,$11.00,$1.72,$0.00,$2.33,GA,30033,$1.04,$0.00,,
05/31/2022,06/03/2022,,629ad31ef9de511a1fb3b87a,Vintage Long Faux Lucite Pearl Bead Twisted Rope Necklace,Women,Jewelry,Necklaces,Vintage,White,OS,N,Y,N,$17.00,$22.00,$0.00,$0.00,$13.60,NY,11238,$2.20,$0.00,,
05/03/2022,05/31/2022,,6296559efeae3638a6a86a81,100% Silk tie by Salvatore Ferragamo,Men,Accessories,Ties,Salvatore Ferragamo,"Blue,Green",OS,N,Y,N,$30.00,$38.00,$0.00,$0.00,$24.00,DC,20009,$2.26,$0.00,,
05/03/2022,05/31/2022,,62961a6f96620e84e1907b5d,"Lot of Toddler boy jeans 3T- children‚Äôs place, wrangler, Levi",Kids,Bottoms,Jeans,Levi's,Blue,3TB,N,Y,N,$27.00,$31.00,$1.72,$0.00,$19.88,CA,95971,$1.96,$0.00,,
06/04/2022,06/09/2022,,62a28234f01bb2c1e1f4ef65,Vintage Coral Enamel Faux Turquoise Cabochon Kenneth Jay Lane snake bracelet,Women,Jewelry,,Kenneth Jay Lane,"Orange,Gold",OS,N,Y,N,$54.00,$51.00,$0.00,$0.00,$43.20,NY,11231,$5.48,$0.00,,
05/28/2022,06/02/2022,,62996ac9fbc604a85596a8aa,Two 1855 Email de Limoges Decorative Wildlife Safari Zebra Plate,Home,Dining,Serveware,Email de Limoges,"Black,White",OS,N,N,N,$15.00,$15.00,$0.00,$0.00,$12.00,VA,23704,$0.91,$0.00,,
05/14/2022,06/07/2022,,62a00eb98f43b3f41099a2aa,NWT Juicy Couture pink / red woman‚Äôs dual crossbody/ tote bag,Women,Bags,Shoulder Bags,Juicy Couture,"Pink,Red",OS,N,N,Y,$18.00,$18.00,$0.00,$0.00,$14.40,CO,80229,$1.54,$0.00,,
05/29/2022,06/08/2022,,62a11a96e6283c7ec7b7275a,VTG signed Givenchy gold tone earrings,Women,Jewelry,Earrings,Givenchy,Gold,OS,N,N,N,$22.00,$22.00,$0.00,$0.00,$17.60,NY,11355,$2.64,$0.00,,
05/23/2022,06/10/2022,,62a3f8b07824da88148bc5f0,Daisy Fuentes Metallic Glitter Bronze Mesh Style Top- L,Women,Tops,,Daisy Fuentes,,L,N,Y,N,$6.00,$8.00,$0.00,$0.00,$3.05,TX,77539,$1.13,$0.00,,
05/28/2022,06/11/2022,,62a5494bd872b4414f2442eb,Oleg Cassini signed crystal paperweight,Home,Other,,Oleg Cassini,White,OS,N,Y,N,$8.00,$9.00,$0.00,$0.00,$5.05,MI,48386,$0.94,$0.00,,
06/10/2022,06/15/2022,,62aa2546ed2f3f2edac1c9ea,Juice Couture OnThe Right Track In Bloom Crossbody,Women,Bags,Wallets,Juicy Couture,"Pink,Black",OS,N,Y,Y,$18.00,$20.00,$1.72,$0.00,$12.68,IN,47340,$1.26,$0.00,,
06/13/2022,06/18/2022,,62ae64a8f68224bafb23ff5e,VERA BRADLEY Triple Zip Hipster STITCHED FLOWERS Peach Rose Pink,Women,Bags,Shoulder Bags,Vera Bradley,"Red,Pink",OS,N,Y,N,$16.00,$18.00,$0.00,$0.00,$12.80,OH,44011,$1.54,$0.00,,
06/18/2022,06/18/2022,,62ae6479a9598f12937a10ca,Vintage White Milk Glass Chicken Hen on Nest Covered Dish 7‚Äù Long,Home,Kitchen,Food Storage,Indiana Glass,White,OS,N,Y,N,$25.00,$30.00,$0.00,$0.00,$20.00,IL,60626,$3.35,$0.00,,
05/23/2022,06/18/2022,,62ae6f876ab2f4c3c82f5ca7,Sam Edelman Metallic Bronze Faux Snakeskin Flat Summer Thong Sandals-9,Women,Shoes,Sandals,Sam Edelman,,9,N,Y,N,$18.00,$21.00,$0.00,$0.00,$14.40,NJ,7728,$0.00,$0.00,This sale is exempt from sales tax.,
06/25/2022,06/27/2022,,62ba779572c2469a3ec8c954,Size 7 Sam Edelman pointed toe black faux suede buckle flats,Women,Shoes,Flats & Loafers,Sam Edelman,Black,7,N,Y,N,$18.00,$28.00,$0.00,$0.00,$14.40,MD,20613,$1.08,$0.00,,
05/30/2022,06/24/2022,,62b62023f01bb2ca619239c7,Stuart Weitzman ‚ÄúForget Me Not‚Äù  Patent Leather Heels ~ Size 8.5,Women,Shoes,Heels,Stuart Weitzman,"Brown,Black",8.5,N,Y,N,$24.00,$25.00,$0.00,$0.00,$19.20,VA,23224,$1.44,$0.00,,
06/07/2022,06/19/2022,,62af8d4d00b70d5f18f19157,Vintage Brass French Horn Christmas Holiday Decor,Home,Accents,Decor,unbranded,Gold,OS,N,N,N,$14.00,$14.00,$0.00,$0.00,$11.05,CT,6870,$1.14,$0.00,,
06/10/2022,06/22/2022,,62b3e5ac57de97bd4a5f01f8,Preowned Vintage Desiree handbag,Women,Bags,Shoulder Bags,Desiree,"Brown,Tan",OS,N,Y,N,$14.00,$16.00,$0.00,$0.00,$11.05,MO,65747,--,,State does not currently impose a sales tax.,
05/27/2022,06/21/2022,,62b1f7e2db99b9f5506f1a8e,Preowned Tignanello Social Status Crossbody Bag,Women,Bags,Crossbody Bags,Tignanello,"Black,Brown",OS,N,N,N,$7.00,$6.00,$0.00,$0.00,$4.05,NC,27968,$0.98,$0.00,,
06/09/2022,06/28/2022,,62bbd1b723ff4617db63c183,Preowned H by Halston Croco Embossed leather Satchel Handbag,Women,Bags,Satchels,H by Halston,Black,OS,N,Y,N,$10.00,$16.00,$0.00,$0.00,$7.05,GA,31545,$1.42,$0.00,,
06/28/2022,06/28/2022,,62bbb9f78f43b32a73191155,bebe Furiosa Fluffy Crystal Logo Slide Sandals Dusty Mint NWOT Womens slides,Women,Shoes,Sandals,bebe,Blue,9,N,Y,N,$20.00,$24.00,$0.00,$0.00,$16.00,NV,89138,$1.68,$0.00,,
06/23/2022,06/28/2022,,62bad84523ff46c7d8975a33,Hot & Delicious Gold Woven Mesh Metallic Top- M/L,Women,Tops,,Hot & Delicious,Gold,M/L,N,Y,N,$9.00,$12.00,$0.00,$0.00,$6.05,CA,95762,$0.65,$0.00,,
06/25/2022,07/03/2022,,62c23d0cf6822461bdc4354c,Vintage Solid Brass Music Sheet Stand,Home,Accents,Decor,Vintage,Gold,OS,N,Y,N,$14.00,$22.00,$1.72,$0.00,$9.33,AZ,85340,$0.88,$0.00,,
06/19/2022,07/04/2022,,62c2ed4fa1d413ff380debe5,Xxl HoBo Bag,Women,Bags,Hobos,HOBO,Brown,OS,N,Y,N,$22.00,$25.00,$1.72,$0.00,$15.88,WI,53188,$1.40,$0.00,,
06/30/2022,07/05/2022,,62c43e88e6283cf1b9c6b919,Lucky Brand Boho Embroidered Genuine Leather Belt Size Small,Women,Accessories,Belts,Lucky Brand,"Black,Brown",S,N,N,N,$17.00,$17.00,$0.00,$0.00,$13.60,TX,77441,$2.03,$0.00,,
06/30/2022,06/30/2022,,62be7f0ee6283cd6df4c2010,NWOT BeBe Leopard Print Faux Fur Rhinestone Slide Sandals,Women,Shoes,Slippers,bebe,"Black,Brown",6,N,Y,N,$19.00,$27.00,$0.00,$0.00,$15.20,HI,96789,$1.21,$0.00,,
06/30/2022,06/30/2022,,62be7a8365df9faa4adc5468,Heart- Pair of Brass Candlestick Holders Made In India,Home,Accents,Candles & Holders,unbranded,Gold,Heart shaped,Y,Y,N,$9.50,$12.00,$0.86,$0.00,$6.74,GA,30108,$0.88,$0.00,,
06/30/2022,06/30/2022,,62be7a8365df9faa4adc5468,Circular- Pair of Brass Candlestick Holders Made In India,Home,Accents,Candles & Holders,unbranded,Gold,Circular w/ no handle,Y,Y,N,$9.50,$12.00,$0.86,$0.00,$6.74,GA,30108,$0.88,$0.00,,
06/16/2022,07/02/2022,,62c0ad6a96620ec236b5f8e6,Vera Bradley Hipster,Women,Bags,Crossbody Bags,Vera Bradley,Pink,OS,N,Y,N,$14.00,$16.00,$0.00,$0.00,$11.05,TX,78221,$1.81,$0.00,,
06/14/2022,07/10/2022,,62cb5f409317926740a5a1ee,Pre-owned Aldo Neon yellow Lace & Patent Leather Clutch Purse,Women,Bags,Clutches & Wristlets,Aldo,"Yellow,Green",OS,N,Y,N,$8.00,$11.00,$1.72,$0.00,$3.33,IL,60419,$1.35,$0.00,,
06/25/2022,07/10/2022,,62cb9c806afdc393438395d8,Vintage Wicker Clam Shell Hinged Basket,Home,Accents,Baskets & Bins,,Brown,OS,N,Y,N,$20.00,$25.00,$1.72,$0.00,$14.28,CA,95822,$1.75,$0.00,,
07/03/2022,07/12/2022,,62cd67953751f50b8718101a,Vintage Southwestern Sterling Silver and Turquoise Pendant,Women,Jewelry,,unbranded,"Blue,Silver",OS,N,Y,N,$12.00,$17.00,$1.72,$0.00,$7.33,MA,2576,$0.75,$0.00,,
07/03/2022,07/12/2022,,62ce1dbfafe96bd155a5824f,Vivani Vintage Women's Enamel Cuff Bracelet Watch Quartz,Women,Accessories,Watches,Vivani,"Gold,Black",OS,N,Y,N,$25.00,$28.00,$1.72,$0.00,$18.28,OR,97504,--,,State does not currently impose a sales tax.,
06/28/2022,07/12/2022,,62cd8a0700deabbb7506d4e1,Vintage Hand Carved Wooden Native American Necklace,Women,Jewelry,Necklaces,unbranded,"Red,Black",OS,N,Y,N,$12.00,$13.00,$1.72,$0.00,$7.33,IL,60123,$1.52,$0.00,,
06/24/2022,07/11/2022,,62cce0ec3147189a0ffa3639,Brown Pebbled leather Coach Hampton satchel,Women,Bags,Satchels,Coach,Brown,OS,N,Y,N,$30.00,$40.00,$1.72,$0.00,$22.28,AZ,85336,$3.21,$0.00,,
06/20/2022,07/09/2022,,62c9e09de6283c01b7ef0974,Monet Vintage Rounded Gold Tone heart Bangle Bracelet,Women,Jewelry,Bracelets,Monet,Gold,OS,N,N,N,$12.00,$9.00,$0.00,$0.00,$9.05,TX,75110,$1.63,$0.00,,
07/04/2022,07/04/2022,,62c39bb08a92fbf030ee9c35,Set of 6 Vintage Blue Indiana Glass Kings Crown Thumbprint Mini Wine Goblets,Home,Dining,Drinkware,Vintage,Blue,OS,N,Y,N,$42.00,$50.00,$0.00,$0.00,$33.60,MD,20740,$2.52,$0.00,,
06/23/2022,07/11/2022,,62cc30f28e1e70f722ea9e2c,Vintage Germany Floral Cloissone Pendant,Women,Jewelry,Necklaces,Western Germany,"Cream,Pink",OS,N,Y,N,$13.00,$17.00,$1.72,$0.00,$8.33,NE,68046,$1.43,$0.00,,
06/19/2022,07/23/2022,,62dcc0e41bcd2b29add861ad,Large 925 Sterling Silver Bulldog Pendant- no chain,Men,Accessories,Jewelry,Unbrand,Silver,OS,N,Y,N,$51.00,$85.00,$1.72,$0.00,$39.08,NJ,7030,$3.77,$0.00,,
07/19/2022,07/19/2022,,62d7384f70e9986e373fe130,NWOT BeBe Leopard Print Faux Fur Rhinestone Slide Sandals,Women,Shoes,Slippers,bebe,"Black,Brown",8,N,Y,N,$19.00,$27.00,$0.00,$0.00,$15.20,HI,96789,$1.21,$0.00,,
06/26/2022,07/24/2022,,62cacf3e946d37019d107911,Vintage signed Coro Leaf Clasp Bracelet,Women,Jewelry,Bracelets,Vintage,Gold,OS,N,Y,N,$9.00,$12.00,$1.72,$0.00,$4.33,TX,78660,$1.23,$0.00,,
07/07/2022,07/28/2022,,62e33ddcb13b5020c83c37c2,Lladro Girl with ROOSTER Figurine,Home,Accents,Decor,Lladro,"White,Blue",OS,N,Y,N,$35.00,$65.00,$1.72,$0.00,$26.28,VA,23704,$2.11,$0.00,,
06/23/2022,07/26/2022,,62e04b1fdfb4544ee57a42a9,Signed Vintage Hand Painted Jade Chinese Egg- Peacock,Home,Other,,Vintage,"Green,White",OS,N,Y,N,$14.00,$22.00,$0.00,$0.00,$11.05,NY,10530,$1.82,$0.00,,
07/04/2022,07/25/2022,,62dee85dec2c7f1cf38fe6e4,Vera Bradley Bookbag - Mocha Rouge,Women,Bags,Backpacks,Vera Bradley,"Pink,Brown",OS,N,Y,N,$25.00,$23.00,$0.00,$0.00,$20.00,MO,63701,--,,State does not currently impose a sales tax.,
07/19/2022,07/27/2022,,62e155696ab2f497c1f866b8,Cotton Madewell Mini Dress‚Äî Size Small,Women,Dresses,,Madewell,"Red,White",S,N,Y,N,$32.00,$41.00,$0.00,$0.00,$25.60,MA,2130,$0.00,$0.00,This sale is exempt from sales tax.,
07/22/2022,07/28/2022,,62e3627b234eed090fe5dfb1,Vintage Patent Leather Salvatore Ferragamo Black Pumps- size 6,Women,Shoes,Heels,Salvatore Ferragamo,Black,6,N,Y,N,$25.00,$28.00,$1.72,$0.00,$18.28,TX,77057,$2.55,$0.00,,
07/14/2022,07/28/2022,,62e35fb3b289d22a4a79a5ca,Vintage Carved Wood and Wicker Turtle Basket,Home,Accents,Baskets & Bins,unbranded,"Brown,Tan",OS,N,Y,N,$20.00,$29.00,$2.68,$0.00,$13.32,WA,98010,$2.17,$0.00,,
07/26/2022,07/28/2022,,62e3558eb6858308b42ddb53,Vintage Italian Sterling Silver puffy Heart Necklace 925,Women,Jewelry,Necklaces,Vintage,Silver,OS,N,N,N,$29.00,$29.00,$0.00,$0.00,$23.20,OR,97206,--,,State does not currently impose a sales tax.,
08/07/2022,08/08/2022,,62f16fba1be8e18fbdd44267,MAC Limited Edition Cinderella Collection Beauty Powder - Mystery Princess NWT,Women,Makeup,Setting Powder & Spray,MAC Cosmetics,,OS,Y,Y,Y,$20.56,$25.00,$1.49,$0.00,$14.96,SC,29651,$1.38,$0.00,,
08/07/2022,08/08/2022,,62f16fba1be8e18fbdd44267,MAC Cinderella Coupe d'Chic Iridescent Powder- BA4,Women,Makeup,Setting Powder & Spray,MAC Cosmetics,,OS,Y,Y,Y,$16.44,$20.00,$1.19,$0.00,$11.96,SC,29651,$1.14,$0.00,,
07/22/2022,08/03/2022,,62eb1e6ffa87b88e91fdeb32,Preowned Vintage Christian Lacroix Chrome Leather Peep Toe Heels- Size 38 1/2,Women,Shoes,,Christian Lacroix,"Gray,Silver",38 1/2,N,Y,N,$10.00,$14.00,$0.00,$0.00,$7.05,NY,10530,$0.78,$0.00,,
07/27/2022,08/01/2022,,62e7fadf5e0ba865d764090c,Clarks Women's Annadel Eirwyn Wedge Sandal- 9.5,Women,Shoes,Wedges,Clarks,Tan,9.5,N,N,N,$27.00,$22.00,$0.00,$0.00,$21.60,OK,73170,$2.36,$0.00,,
06/19/2022,08/07/2022,,62f0194d1e017da84924e959,Authentic Herm√®s Signature Silk Tie,Men,Accessories,Ties,Hermes,"Blue,Yellow",OS,N,Y,N,$45.00,$59.00,$0.00,$0.00,$36.00,CA,95337,$3.72,$0.00,,
06/25/2022,08/01/2022,,62e82c64d5d2c1d9335a8e77,TOMS Womens Heritage Canvas Lexie Sandal in Oxford Tan | Size 8.5,Women,Shoes,Sandals,Toms,"Cream,Gray",8.5,N,Y,N,$12.00,$12.00,$1.72,$0.00,$7.33,CA,95621,$0.93,$0.00,,
07/04/2022,08/05/2022,,62ed671868a786cc20c66500,Evae mob Smiley Charm Pearl Necklace limited adjustable necklace,Women,Jewelry,Necklaces,evae,"Gold,Silver",OS,N,N,N,$32.00,$32.00,$0.00,$0.00,$25.60,CA,92883,$2.48,$0.00,,
06/19/2022,08/07/2022,,62f04123a66374df182ee8f4,Harry Potter Gryffindor Hogwarts School Uniform Tie,Women,Accessories,,Warner Bros.,"Red,Gold",OS,N,N,N,$13.00,$13.00,$0.00,$0.00,$10.05,OR,97034,--,,State does not currently impose a sales tax.,
07/31/2022,08/09/2022,,62f284ca7939e44b31e2872d,1 VINTAGE CORELLE STRAWBERRY SUNDAE DINNER PLATE,Home,Dining,Dinnerware,Corelle,"White,Green",OS,N,Y,N,$8.00,$10.00,$2.68,$0.00,$2.37,WV,25260,$0.78,$0.00,,
07/09/2022,08/09/2022,,62f2733d99611e7b5faf16e6,Lucky BRAND Hard Sunglasses Case.,Women,Accessories,Sunglasses,Lucky Brand,"Blue,Yellow",OS,N,Y,N,$12.00,$15.00,$2.68,$0.00,$6.37,AR,72436,$1.34,$0.00,,
08/04/2022,08/11/2022,,62f5c85a2ea6c95ca49b031e,Vintage Pressed Art Deco Art Glass Necklace and Earring set,Women,Jewelry,Necklaces,Vintage,"Green,Gold",OS,N,Y,N,$32.00,$50.00,$2.68,$0.00,$22.92,VA,23168,$2.24,$0.00,,
06/17/2022,08/11/2022,,62f4f953a2c42e9ca0017618,Bronze elephant Print Pure Silk Wrap Scarf  Stole Soft India,Women,Accessories,Scarves & Wraps,Cauvery,"Gold,Brown",OS,N,Y,N,$20.00,$31.00,$0.00,$0.00,$16.00,IL,60010,$1.39,$0.00,,
06/27/2022,08/11/2022,,62f591cc8d2fc19bcd8736bc,Vintage Framed Crewel Embroidery Wall Art- Cool Cow,Home,Wall Decor,,Vintage,"Green,Black",OS,N,Y,N,$9.00,$15.00,$2.68,$0.00,$3.37,AZ,85340,$0.56,$0.00,,
07/21/2022,08/10/2022,,62f3d88df9552399fab7f69b,NWT Women‚Äôs Crocs Cyprus IV Heel Sandals- Platinum/Pewter‚Äî Size 9,Women,Shoes,Heels,CROCS,"Gray,Tan",9,N,Y,N,$41.00,$46.00,$1.72,$0.00,$31.08,TX,78412,$3.87,$0.00,,
07/22/2022,08/11/2022,,62f54e40c6fd89ee90bc56b2,NWOT Beautiful Journee Collection Shoes Tan & White Chunky heels- size 7,Women,Shoes,Heels,Journee Collection,"White,Tan",7,N,Y,N,$9.00,$12.00,$2.68,$0.00,$3.37,AR,72546,$1.14,$0.00,,
06/26/2022,08/06/2022,,62eeb2cc413eb6417b1b66ef,"Vintage Porcelain Cameo Trinket Box, Milk Glass White Dresser Box",Women,Jewelry,,,White,OS,N,Y,N,$12.00,$12.00,$0.00,$0.00,$9.05,SC,29649,$1.38,$0.00,,
07/04/2022,08/10/2022,,62f425a5e3252796417834d4,HOLDING for @jennamueller5 VERA BRADLEY (retired) Baroque Duffle Bag-small,Women,Bags,Travel Bags,Vera Bradley,"Black,Yellow",OS,N,N,N,$28.00,$23.00,$0.00,$0.00,$22.40,MO,63304,--,,State does not currently impose a sales tax.,
06/13/2022,08/10/2022,,62f45fbd2b9ba415f70faa99,Lot of Vintage Brass Ashtray Dishes,Home,Accents,,Vintage,Gold,OS,N,Y,N,$9.00,$13.00,$1.72,$0.00,$4.33,CA,90027,$0.85,$0.00,,
07/13/2022,08/14/2022,,62f95d4deb32b2386c15913a,NWOT Black GBG Los Angeles Gladiator Sandal - size 9,Women,Shoes,Sandals,Guess,"Black,Gold",9,N,Y,N,$16.00,$24.00,$1.72,$0.00,$11.08,CA,95127,$1.46,$0.00,,
07/23/2022,08/12/2022,,62f7028657357cddad64084e,Matching Handmade Vintage Linen Set: tablecloth and 6 napkins,Home,Dining,Table Linens,Linen,"Green,Orange",OS,N,Y,N,$25.00,$35.00,$0.00,$0.00,$20.00,TN,37129,$3.19,$0.00,,
07/22/2022,08/03/2022,,62eb3139fa87b808a80bbb68,Preowned- Spartina Linen and Leather handbag 449,Women,Bags,,Universal Thread,"Cream,Brown",OS,N,N,N,$13.00,$11.00,$0.00,$0.00,$10.05,CT,6238,$1.32,$0.00,,
08/10/2022,08/13/2022,,62f81e9533dfd201193d9fb5,Hand carved Wooden Mayan Aztec Ceremonial Mask,Home,Wall Decor,Art & Decals,Handmade,"Brown,Green",OS,N,Y,N,$20.00,$30.00,$0.00,$0.00,$16.00,CA,93444,$1.45,$0.00,,
07/19/2022,08/14/2022,,62f95ff057357c3009664d8e,Clarks Women's Jenness Energy Block Heel Dress Sandal- Size 5.5,Women,Shoes,Heels,Clarks,Black,5.5,N,Y,N,$20.00,$29.00,$1.72,$0.00,$14.28,NM,87120,$2.01,$0.00,,
08/16/2022,08/17/2022,,62fdb9576b8e4ce488d1b263,Lauren Ralph Lauren Lace Gown Evening Wedding Formal- Green Label- size 14,Women,Dresses,,Ralph Lauren,Cream,14,N,Y,N,$40.00,$45.00,$1.72,$0.00,$30.28,TX,76262,$3.79,$0.00,,
07/13/2022,08/17/2022,,62fdba2ac6fd899751fc842a,BOC Born Concept Leather Flower Sandal Slides Shoes-  Green- Size 7,Women,Shoes,Sandals,boc,"Tan,Green",7,N,Y,N,$15.00,$35.00,$1.72,$0.00,$10.28,CA,91739,$1.17,$0.00,,
07/19/2022,08/18/2022,,62fec31e6b8e4c181438f0ad,Preowned Suede Banana Republic Slingback Block Heels‚Äî size 8,Women,Shoes,Heels,Banana Republic,Tan,8,N,Y,N,$24.00,$33.00,$1.72,$0.00,$17.48,GA,30720,$2.10,$0.00,,
07/03/2022,08/21/2022,,6302598d99611e824af9e432,Vintage Kenneth Jay Lane Enamel Giraffe Clamper Bracelet w Original Box & Pouch,Women,Jewelry,Bracelets,Kenneth Jay Lane,"Gold,White",OS,N,Y,N,$24.00,$52.00,$0.00,$0.00,$19.20,CA,92024,$1.86,$0.00,,
07/04/2022,08/16/2022,,62fbd55932add79650f9a156,Purple Flower Heart Shaped Glass Pendant on Necklace- Art glass ‚≠êÔ∏è,Women,Jewelry,Necklaces,Handmade,Purple,OS,N,Y,N,$8.00,$12.00,$2.68,$0.00,$2.37,TX,75150,$1.07,$0.00,,
08/11/2022,08/17/2022,,62fda01ea2c42e9cfe3a6d7e,Vintage Brass Divided Leaf Tray Basket,Home,Accents,Decor,Vintage,Gold,OS,N,Y,N,$11.00,$13.00,$0.00,$0.00,$8.05,CA,90019,$1.05,$0.00,,
06/17/2022,08/15/2022,,62fa81287fc3ac1a27c291a6,Dansko Mila Slide Leather Weaved Cross Sandals size 42,Women,Shoes,Sandals,Dansko Mila,Red,42,N,N,N,$13.00,$11.00,$0.00,$0.00,$10.05,NV,89012,$1.09,$0.00,,
07/04/2022,08/01/2022,,62e89b8a65df9f6130c713c2,ùêíùê≠ùêûùê•ùê•ùêö & ùêÉùóºùê≠ Statement Necklaceüñ§ü§çüñ§,Women,Jewelry,Necklaces,Stella & Dot,"Black,Silver",OS,N,N,N,$21.00,$21.00,$0.00,$0.00,$16.80,KS,66061,$2.73,$0.00,,
08/08/2022,08/17/2022,,62fd420b33dfd252a9415fa7,Bundle Toddler boy clothes 3T,Kids,Matching Sets,,Carter's,"Brown,Gray",3TB,N,Y,N,$56.00,$75.00,$7.67,$0.00,$37.13,IL,62234,$4.54,$0.00,,
08/19/2022,08/21/2022,,63021198eb32b2b8117ad6f2,Vintage Jade 925 Sterling Silver Bracelet,Women,Jewelry,Bracelets,Sterling Silver,"Green,Silver",OS,N,Y,N,$63.00,$75.00,$0.00,$0.00,$50.40,FL,33990,$4.60,$0.00,,
08/08/2022,08/15/2022,,62faadc98ea15fb48b334f93,MAC BROOKE CANDY EDITION MATTE LIPSTICK ~ DOO WOP ~ 0.1 OZ NIB BOXED,Women,Makeup,,MAC Cosmetics,Pink,OS,N,Y,Y,$13.00,$19.00,$2.68,$0.00,$7.37,MN,55414,$1.44,$0.00,,
08/14/2022,08/18/2022,,62fde659c1c4228f0b93414b,White House Black Market bracelet,Women,Jewelry,Bracelets,White House Black Market,Black,OS,N,Y,N,$6.00,$9.00,$1.72,$0.00,$1.33,TN,37407,$1.11,$0.00,,
07/21/2022,08/21/2022,,6302f42ca2c42ec1d4a94096,Crocs Cyprus IV Brown Strappy Slip On Comfort Heels Sandals,Women,Shoes,Heels,CROCS,Brown,9,N,Y,N,$20.00,$34.00,$0.00,$0.00,$16.00,OH,45420,$2.08,$0.00,,
07/26/2022,08/19/2022,,62f984e0d74b0f567fd60314,925 STERLING SILVER LONG DROP EARRINGS EUC,Women,Jewelry,Earrings,Unk,Silver,OS,Y,N,N,$24.00,$24.00,$0.00,$0.00,$19.20,HI,96826,$1.26,$0.00,,
08/15/2022,08/19/2022,,62f984e0d74b0f567fd60314,Please Do not buy!On hold for @laparisienne808,Women,Jewelry,Necklaces,,Pink,OS,Y,N,N,$6.00,$6.00,$0.00,$0.00,$4.80,HI,96826,$0.45,$0.00,,
08/17/2022,08/21/2022,,6302594e789940d068dc008e,Lot of 6 Vintage 80s 90s Gold Tone Clip On Earring Lot,Women,Jewelry,Earrings,Vintage,Gold,OS,N,Y,N,$19.00,$15.00,$0.00,$0.00,$15.20,OR,97229,--,,State does not currently impose a sales tax.,
08/14/2022,08/19/2022,,63004ebc1be8e1c7b0956a03,NIB Mac Matte Lipstick‚ÄîSnow Orchid,Women,Makeup,Lipstick,MAC Cosmetics,Pink,OS,N,N,Y,$12.00,$12.00,$0.00,$0.00,$9.05,CA,93013,$0.93,$0.00,,
08/21/2022,08/22/2022,,6303643ab28d0bfb870fefd7,Jac and Daxter Bundle - PlayStation 2 PS2,Electronics,Video Games & Consoles,Video Games,,,OS,Y,Y,N,$12.00,$18.00,$0.00,$0.00,$9.60,IA,50313,$0.72,$0.00,,
08/21/2022,08/22/2022,,6303643ab28d0bfb870fefd7,Ratchet & Clank Ps2 Bundle,Electronics,Video Games & Consoles,Video Games,Sony,,OS,Y,Y,N,$8.00,$12.00,$0.00,$0.00,$6.40,IA,50313,$0.48,$0.00,,
08/14/2022,08/29/2022,,630c65abacb8194238318e59,Cuff Bracelet Brass and Simulated Gemstones,Women,Jewelry,Bracelets,,"Green,Purple",OS,N,Y,N,$7.00,$9.00,$0.00,$0.00,$4.05,CA,95348,$0.59,$0.00,,
07/08/2022,08/21/2022,,6302a301ecbe7e20057dc79f,‚≠êÔ∏è Lladro Figurine # 4972 ~ Girl with Calla Lillies seated ~ Retired ~ No Box,Home,Art,Sculpture,Lladro,"White,Blue",OS,N,N,N,$45.00,$45.00,$0.00,$0.00,$36.00,UT,84123,$3.26,$0.00,,
08/21/2022,08/28/2022,,630bce442ea6c9d80bf8890d,Vintage Polaroid BC Series One Step Rainbow Stripe Instant Land Camera,Electronics,Other,,Polaroid,"White,Red",OS,N,Y,N,$12.00,$18.00,$1.72,$0.00,$7.33,TN,37379,$1.66,$0.00,,
08/14/2022,08/28/2022,,630badf06b8e4ccea0071725,JOAN RIVERS Starlet Cluster Flower Black Crystal Beaded Statement Necklace,Women,Jewelry,Necklaces,Joan Rivers,Black,OS,N,Y,N,$50.00,$60.00,$0.00,$0.00,$40.00,TX,77386,$4.19,$0.00,,
06/25/2022,08/18/2022,,62fec57f18def9eeeda1d513,Vintage Brass Fox Family Figurine,Home,Other,,,,OS,N,Y,N,$21.00,$29.00,$1.72,$0.00,$15.08,OR,97306,--,,State does not currently impose a sales tax.,
09/05/2022,09/05/2022,,630669a6e359eff48f782c7c,Vintage Medium Green Leather Coach Ergo Hobo Shoulder Bag Purse,Women,Bags,Shoulder Bags,Coach,Green,OS,N,N,N,$60.00,$60.00,$0.00,$0.00,$48.00,MN,55410,$5.10,$0.00,,
08/21/2022,08/30/2022,,630ea7581fc05683f21d5a64,Fujifilm FinePix S4300 26X Zoom 14.0MP Digital Camera f 3.1-5.9 Working,Electronics,"Cameras, Photo & Video",,Fujifilm,Black,OS,N,Y,N,$72.00,$80.00,$1.72,$0.00,$55.88,UT,84065,$5.22,$0.00,,
08/19/2022,08/28/2022,,630b7341a0cf3d342eeeb4dd,Rachel Zoe Sterling Silver/Yellow/Gold Tone/CZ Daisy Flower Earrings NIB,Women,Jewelry,Earrings,Rachel Zoe,"Yellow,Gold",OS,N,N,Y,$20.00,$20.00,$0.00,$0.00,$16.00,NY,14075,$2.42,$0.00,,
08/09/2022,09/01/2022,,63109d1704f24d9bdff7513a,BANANA REPUBLIC COPPER CLUTCH,Women,Bags,Clutches & Wristlets,Banana Republic,"Brown,Gold",OS,N,N,N,$13.00,$13.00,$0.00,$0.00,$10.05,VA,23111,$0.78,$0.00,,
07/28/2022,08/29/2022,,630cd83e234eedb7593605ad,Vintage Gold Tone Rose cloisonn√© locket,Women,Jewelry,,,"Gold,Pink",OS,N,Y,N,$13.00,$23.00,$1.72,$0.00,$8.33,CA,94513,$1.14,$0.00,,
07/31/2022,09/03/2022,,6313c8afd74b0f062387e8f2,Nikon Lens: AF-S DX NIKKOR 55-300mm f/4.5-5.6G ED VR,Electronics,"Cameras, Photo & Video",Lenses,Nikon,Black,OS,N,Y,N,$210.00,$245.00,$0.00,$0.00,$168.00,NC,27215,$14.69,$0.00,,
07/04/2022,08/31/2022,,630fefaa32add770d3c679e6,R.J. Graziano turquoise bracelet silver Czech crystals gemstone stretch,Women,Jewelry,Bracelets,R.J. Graziano,"Blue,Silver",OS,N,N,N,$12.00,$12.00,$0.00,$0.00,$9.05,TX,77386,$1.43,$0.00,,
08/20/2022,08/31/2022,,630f89a66b8e4cddd6dc0886,Tory Burch Thong Sandal- SZ 8,Women,Shoes,Sandals,Tory Burch,Black,8,N,Y,N,$28.00,$38.00,$0.00,$0.00,$22.40,FL,33594,$2.68,$0.00,,
08/27/2022,09/05/2022,,6316723d413eb6b00288f5b0,Vintage Framed Crewel Embroidery Wall Art- Rose,Home,Wall Decor,,Vintage,"Pink,Green",OS,N,Y,N,$11.00,$15.00,$0.00,$0.00,$8.05,CA,92561,$0.86,$0.00,,
08/29/2022,09/05/2022,,6315ac821be8e1a335d106a9,MICHAEL KORS REVERSIBLE LOGO BELT- Size M,Women,Accessories,Belts,Michael Kors,"Brown,Cream",M,N,Y,N,$40.00,$45.00,$1.72,$0.00,$30.28,OK,73121,$3.45,$0.00,,
07/05/2022,08/31/2022,,630fef712938f85c707d0f96,Lot of Enameled Hinged Bracelets-6,Women,Jewelry,Bracelets,,"Silver,Red",OS,N,N,N,$9.00,$9.00,$0.00,$0.00,$6.05,TX,77386,$1.21,$0.00,,
08/08/2022,09/10/2022,,62d3d7279127635c3d3d5fa1,MAC bundle: x1 Selena Intense Violet Eye Shadow & x1 Dazzleglass lipgloss NIB,Women,Makeup,Eyeshadow,MAC Cosmetics,Purple,OS,N,Y,Y,$18.00,$19.00,$0.00,$0.00,$14.40,CA,90057,$1.72,$0.00,,
08/20/2022,09/07/2022,,6319607494c434190b86d0d2,Barbie Puppy Party Doll Playset Puppies Dough Cake Mold Accessories Blonde,Kids,Toys,Dolls & Accessories,Barbie,,OSG,N,Y,Y,$10.00,$12.00,$0.00,$0.00,$7.05,TN,37148,$1.64,$0.00,,
08/22/2022,09/05/2022,,631648f72938f8b3f5673e45,Disney vintage Winnie the pooh Swivel Mug,Home,Dining,Mugs,Disney,"White,Yellow",OS,N,Y,N,$12.00,$16.00,$0.00,$0.00,$9.05,CA,91601,$1.14,$0.00,,
09/07/2022,09/09/2022,,631c00d49202b637e340af6c,Dr. Pepper Flavored Lip Balm in Dr. Pepper Cup Container 0.18 oz.,Women,Makeup,Lip Balm & Gloss,Dr. Pepper,"Red,Brown",OS,N,N,Y,$9.00,$9.00,$0.00,$0.00,$6.05,IN,46052,$0.63,$0.00,,
09/05/2022,09/10/2022,,631d32f46b8e4c897d3383fb,Betsey Johnson Gummy Bear Pendant Necklace,Women,Jewelry,Necklaces,Betsey Johnson,"Blue,Gold",OS,N,Y,N,$15.00,$17.00,$0.00,$0.00,$12.00,NJ,8809,$1.50,$0.00,,
09/05/2022,09/10/2022,,631cb90cb43a8441f36d7c25,Victoria‚Äôs Secret Fanny pack / sport belt bag,Women,Bags,Crossbody Bags,Victoria's Secret,Black,OS,N,N,N,$10.00,$10.00,$0.00,$0.00,$7.05,PA,19335,$1.06,$0.00,,
08/31/2022,09/11/2022,,63187cc999611ebd231e32d8,Glass Bead Necklace,Women,Jewelry,Necklaces,,"Blue,White",OS,N,N,N,$7.00,$7.00,$0.00,$0.00,$4.05,NV,89012,$0.59,$0.00,,
08/20/2022,09/07/2022,,6319141399611e8fc2c90ba7,Adjustable Lighted Makeup Vanity Mirror,Electronics,Other,,Unk,Pink,OS,N,Y,N,$20.00,$35.00,$0.00,$0.00,$16.00,NC,28539,$1.93,$0.00,,
09/02/2022,09/07/2022,,6319245a04eeded13c162e66,Vintage JEANETTE Pink Depression Glass 3-Footed Cubist Pattern Bowl,Home,Accents,Decor,Jeanette Glass Company,Pink,OS,N,Y,N,$22.00,$35.00,$1.72,$0.00,$15.88,NY,10009,$2.48,$0.00,,
08/08/2022,09/07/2022,,63195a44c793c4ec2b5cf05e,"Toddler 3T NIKE AIR JORDAN TRACK SUIT- Preowned jacket, pants still NWT",Kids,Matching Sets,,Jordan,"Black,Gray",3TB,N,Y,N,$10.00,$14.00,$0.00,$0.00,$7.05,TX,75019,$1.47,$0.00,,
07/28/2022,09/16/2022,,63247ecaf6bd88eaa9cfa6d1,Handmade Red Coral Beaded Chip Stretch Bracelet,Women,Jewelry,Necklaces,,Red,OS,N,N,N,$14.00,$14.00,$0.00,$0.00,$11.05,UT,84010,$1.01,$0.00,,
08/28/2022,09/09/2022,,631ba5053676a10071c87a14,Rachael Ray Double Ridge Dinner Plates set of 5,Home,Dining,Dinnerware,Rachael Ray,Orange,OS,N,N,N,$24.00,$24.00,$0.00,$0.00,$19.20,VA,23831,$1.44,$0.00,,
07/19/2022,09/15/2022,,6323c2857b2db61620254f7c,KARL LAGERFELD LOGO Side Tape T shirt dress‚Äî M,Women,Dresses,Mini,Karl Lagerfeld,"Black,Gray",M,N,Y,N,$16.00,$23.00,$1.72,$0.00,$11.08,CA,94087,$1.46,$0.00,,
08/15/2022,09/07/2022,,63197fa9eb32b2c97e78c1ca,E. Smithson Raised Resin Cat Plaque/Wall Hanging 3D Cat Wall Decor- Folk Art,Home,Accents,Decor,E. Smithson,"Gray,Red",OS,Y,Y,N,$7.20,$9.00,$0.00,$0.00,$5.43,TN,37745,$1.08,$0.00,,
09/06/2022,09/07/2022,,63197fa9eb32b2c97e78c1ca,Confused Silly Resin Cat Kitten Figurine Statue,Home,Accents,Decor,Cat,"Black,Brown",OS,Y,Y,N,$4.80,$6.00,$0.00,$0.00,$3.62,TN,37745,$0.85,$0.00,,
08/05/2022,09/12/2022,,631fd55499611e7463c3600e,ü¶Ñ Sam Edelman Tamra Slingback White Pumps- Size 7 like new,Women,Shoes,Heels,Sam Edelman,White,7,N,Y,N,$36.00,$41.00,$1.72,$0.00,$27.08,DE,19806,--,,State does not currently impose a sales tax.,
09/08/2022,09/15/2022,,6323dbc26e6614f23878b47c,Preowned Ray Bans glasses case,Women,Accessories,Glasses,Ray-Ban,"Red,Yellow",OS,N,Y,N,$8.00,$11.00,$0.00,$0.00,$5.05,KY,41011,$0.94,$0.00,,
08/22/2022,09/14/2022,,632280b022f797a2d1408213,"Woman‚Äôs Burberry snow rain boots size UK 2.5/3.5, EUR 35/36, US 5/6",Women,Shoes,Winter & Rain Boots,Burberry,"Tan,Black",5/6,N,Y,N,$125.00,$164.00,$2.68,$0.00,$97.32,CA,90293,$11.87,$0.00,,
08/20/2022,09/14/2022,,6322631718def9e55b9a0aaa,"DreamWorks Spirit Abigail, Boomerang and Spirit doll bundle",Kids,Toys,Dolls & Accessories,just play,"White,Red",OSG,N,N,Y,$9.00,$9.00,$0.00,$0.00,$6.05,WA,99130,$1.33,$0.00,,
08/20/2022,09/12/2022,,631ff9f0f95523c3f0b034ff,Canon PowerShot SX210 IS 14.1MP Digital Camera - Black ~ Open box,Electronics,"Cameras, Photo & Video",Digital Cameras,Canon,Black,OS,N,Y,N,$47.00,$56.00,$0.00,$0.00,$37.60,WA,99163,$4.33,$0.00,,
08/09/2022,09/16/2022,,6324d56178b9e8e44fb1ddd4,ü¶Ñ Genuine Leather MARGOT Crossbody Saddle Messenger Shoulder Handbag- Black LNC,Women,Bags,Crossbody Bags,margot,"Black,Silver",OS,N,Y,N,$26.00,$38.00,$1.72,$0.00,$19.08,WI,53104,$1.76,$0.00,,
08/20/2022,09/25/2022,,6331476ff959cb9bfb9f9ddc,Sterling silver and gemstone cuff bracelet,Women,Jewelry,Bracelets,,"Silver,Blue",OS,N,Y,N,$21.00,$24.00,$1.72,$0.00,$15.08,NY,11364,$2.40,$0.00,,
08/29/2022,10/02/2022,,633931311bcd2b53cc9210c1,ZARA FAUX LEATHER OVERSIZED BLAZER JACKET- Size M,Women,Jackets & Coats,Blazers & Suit Jackets,Zara,Black,M,N,Y,N,$40.00,$48.00,$0.00,$0.00,$32.00,CA,92078,$3.10,$0.00,,
08/22/2022,09/25/2022,,6331242ddfb454b29be35ff9,Dior makeup bag,Women,Bags,Cosmetic Bags & Cases,Dior,"Cream,Tan",OS,N,Y,N,$9.00,$11.00,$0.00,$0.00,$6.05,NY,11980,$1.44,$0.00,,
08/29/2022,09/19/2022,,63293565dfb454c3b13344e8,Lucky Brand Crochet Button Down Top- Size 3X,Women,Tops,,Lucky Brand,Black,3X,N,N,N,$7.00,$7.00,$0.00,$0.00,$4.05,PA,19085,$0.00,$0.00,This sale is exempt from sales tax.,
08/09/2022,09/23/2022,,632ea488acb819b66d0d42e1,Clear Bucket Bag Tortoise Removable Pouch,Women,Bags,Crossbody Bags,INC International Concepts,"Brown,Black",OS,N,N,N,$12.00,$12.00,$0.00,$0.00,$9.05,TX,75217,$1.63,$0.00,,
08/29/2022,10/04/2022,,633bda81789940371dd7a5d1,Mitsu New York Milan Paris- Genuine Leather Jacket Blazer Coat- Size S,Women,Jackets & Coats,,Mitsu,Black,S,N,Y,N,$45.00,$50.00,$1.72,$0.00,$34.28,MA,2215,$0.00,$0.00,This sale is exempt from sales tax.,
10/04/2022,10/04/2022,,633bf5dcb43a84db62192a53,2 Standard Ralph Lauren BRITTANY Purple White Striped Ruffled Pillowcases,Home,Bedding,Pillows,Ralph Lauren,"White,Purple",OS,N,Y,Y,$20.00,$38.00,$1.72,$0.00,$14.28,MO,65803,--,,State does not currently impose a sales tax.,
09/26/2022,10/04/2022,,633c151b120b054bd4cecc97,Mother of Pearl jewelry lot- beautifully paired!,Women,Jewelry,Earrings,Mother of Pearl,"White,Red",OS,N,Y,N,$35.00,$39.00,$1.72,$0.00,$26.28,FL,32205,$3.08,$0.00,,
08/14/2022,10/03/2022,,633ae05c0ffb4bcde7705ecf,‚ù§Ô∏è HP‚ù§Ô∏è UnionBay Red Glitter Boots- size 7.5,Women,Shoes,Combat & Moto Boots,UNIONBAY,Red,7.5,N,Y,N,$18.00,$27.00,$1.72,$0.00,$12.68,NY,10566,$1.05,$0.00,,
09/14/2022,10/03/2022,,633ae0ef94c43408dc0bc053,Anna by Anuschka hand painted Crossbody bag,Women,Bags,Crossbody Bags,Anuschka,"Red,Yellow",OS,N,Y,N,$27.00,$50.00,$1.72,$0.00,$19.88,IN,47124,$1.89,$0.00,,
08/25/2022,10/01/2022,,63386d7e84b3071602b3e86b,Vintage Solid Brass Pineapple Container With lid,Home,Accents,Decor,,Yellow,OS,N,Y,N,$22.00,$25.00,$1.72,$0.00,$15.88,RI,2893,$1.96,$0.00,,
08/21/2022,09/14/2022,,6321b2282ea6c9164e9e459c,Nintendo WII Control bundle- see listing details,Electronics,Video Games & Consoles,Controllers,Nintendo,White,OS,Y,Y,N,$5.14,$9.00,$0.00,$0.00,$3.24,CA,92324,$0.40,$0.00,,
08/21/2022,09/14/2022,,6321b2282ea6c9164e9e459c,Playstation 1 controllers,Electronics,Video Games & Consoles,Controllers,Sony,,OS,Y,Y,N,$2.86,$5.00,$0.00,$0.00,$1.81,CA,92324,$0.22,$0.00,,
08/20/2022,10/03/2022,,633af9ec04eedede417aeb92,Long Sleeve Floral Embroidered Mesh Sheer Overlay Maxi Dress,Women,Dresses,,Rare Editions,White,14,N,Y,N,$15.00,$22.00,$1.72,$0.00,$10.28,NY,14883,$0.84,$0.00,,
09/12/2022,10/04/2022,,633c91f199611e88f8af7477,‚≠êÔ∏è Madewell Denim Popover Swing Top‚Äî size S,Women,Tops,Blouses,Madewell,Blue,S,N,N,N,$7.00,$7.00,$0.00,$0.00,$4.05,TX,77355,$1.07,$0.00,,
09/19/2022,10/14/2022,,634a2975ec2c7f9e61bc585f,1460 Patent leather Doc Martins- size 7,Women,Shoes,Combat & Moto Boots,Dr. Martens,Black,7,N,N,N,$76.00,$76.00,$0.00,$0.00,$60.80,OR,97321,--,,State does not currently impose a sales tax.,
10/02/2022,10/16/2022,,634ca97a90451f7e36f90b31,Y2K Official Betty Boop Rhinestone Shoulder Bag Purse,Women,Bags,,Betty Boop,"Tan,Cream",OS,N,N,N,$31.00,$31.00,$0.00,$0.00,$24.80,WA,98684,$3.29,$0.00,,
09/20/2022,10/16/2022,,634c720af4e5257eff5822f9,ü¶Ñ Vintage Nicole Lee Embroidered Floral Handbags,Women,Bags,Mini Bags,Nicole Lee,Pink,OS,N,Y,N,$30.00,$34.00,$0.00,$0.00,$24.00,WA,98203,$3.73,$0.00,,
10/03/2022,10/03/2022,,633b88bc234eed3bfd5a2ca5,Vintage White Milk Glass Chicken Hen on Nest Covered Dish 7‚Äù Long,Home,Kitchen,Food Storage,Indiana Glass,White,OS,N,Y,N,$16.00,$30.00,$1.72,$0.00,$11.08,AL,36542,$1.28,$0.00,,
09/05/2022,10/16/2022,,634ce64f18def99b1ab9d2d1,Fossil Voyages Canvas Messenger Bag,Women,Bags,,Fossil,"Brown,Tan",OS,N,Y,N,$22.00,$25.00,$1.72,$0.00,$15.88,IA,52246,$1.32,$0.00,,
10/16/2022,10/16/2022,,634c87e966e9b6d277e4d1f6,2 Standard Ralph Lauren BRITTANY Purple White Striped Ruffled Pillowcases,Home,Bedding,Pillows,Ralph Lauren,"White,Purple",OS,N,Y,Y,$27.00,$34.00,$2.68,$0.00,$18.92,TX,77079,$2.64,$0.00,,
09/08/2022,10/03/2022,,633a9c282fc59f75daf86897,‚≠êÔ∏è Betsy Johnson Betseyville Blush Leopard Print Cosmetic Bag,Women,Bags,Cosmetic Bags & Cases,Betsey Johnson,"Pink,Black",OS,N,N,N,$12.00,$12.00,$0.00,$0.00,$9.05,FL,32224,$1.48,$0.00,,
09/02/2022,10/13/2022,,6348b4d5bee4b0de378d589f,B.O.C. Born Concepts Womens Park Place Pouch Crossbody Handbag Black Medium,Women,Bags,Totes,boc,Black,OS,N,Y,N,$15.00,$19.00,$0.00,$0.00,$12.00,NY,14217,$1.98,$0.00,,
08/18/2022,10/15/2022,,634b50e7935084ec028bbbd3,Coach Wristlet Signature Canvas Jacquard and Leather,Women,Bags,Clutches & Wristlets,Coach,"Brown,Tan",OS,N,Y,N,$20.00,$23.00,$0.00,$0.00,$16.00,TX,77459,$1.73,$0.00,,
10/05/2022,10/09/2022,,63438fd4c1c422cdc32d3d27,Italian Sterling Silver Necklace 925,Women,Jewelry,Necklaces,Vintage,Silver,OS,N,Y,N,$14.00,$16.00,$0.00,$0.00,$11.05,GA,30080,$1.30,$0.00,,
10/06/2022,10/17/2022,,634d984832add7621137d393,Italian Sterling Silver Heart Necklace 925,Women,Jewelry,Necklaces,Vintage,Silver,OS,N,N,N,$16.00,$16.00,$0.00,$0.00,$12.80,IL,60546,$2.37,$0.00,,
08/19/2022,10/15/2022,,634ac70318def9eca28aa28d,Vintage Thailand Sterling Silver Bracelet,Women,Jewelry,Bracelets,Vintage,Silver,OS,Y,N,N,$7.20,$8.00,$0.00,$0.00,$5.76,NY,14047,$0.85,$0.00,,
09/04/2022,10/15/2022,,634ac70318def9eca28aa28d,‚≠êÔ∏è Two Authentic Michael Kors 100% Silk Ties,Men,Accessories,Ties,Michael Kors,"Blue,Red",OS,Y,N,N,$13.50,$15.00,$0.00,$0.00,$10.80,NY,14047,$0.86,$0.00,,
10/07/2022,10/15/2022,,634ac70318def9eca28aa28d,Vintage Italy Sterling Silver Earrings,Women,Jewelry,Earrings,Vintage,Silver,OS,Y,N,N,$9.90,$11.00,$0.00,$0.00,$7.92,NY,14047,$1.09,$0.00,,
08/09/2022,10/13/2022,,634855d2789940e8633361ee,Coach Tartan Plaid Fabric Mini Hobo Wristlet,Women,Bags,Mini Bags,Coach,"Red,Green",OS,N,Y,N,$40.00,$45.00,$1.72,$0.00,$30.28,VT,5495,$3.22,$0.00,,
08/20/2022,10/12/2022,,63473371e32527a78883a8e1,Barbie soccer coach playset,Kids,Toys,Dolls & Accessories,Barbie,,OSG,Y,Y,Y,$7.64,$11.00,$0.00,$0.00,$6.11,MD,21045,$0.46,$0.00,,
08/16/2022,10/12/2022,,63473371e32527a78883a8e1,Bundle deals for season change- vintage home women handbag fall office DIY,Women,Shoes,,,,9,Y,Y,N,$3.47,$5.00,$0.00,$0.00,$2.78,MD,21045,$0.21,$0.00,,
09/02/2022,10/12/2022,,63473371e32527a78883a8e1,Vintage Signed Roman Bee Brooch,Women,Jewelry,Brooches,Roman,Gold,OS,Y,Y,N,$6.25,$9.00,$0.00,$0.00,$5.00,MD,21045,$0.38,$0.00,,
08/30/2022,10/12/2022,,63473371e32527a78883a8e1,Vintage Leopard Print Snap Purse,Women,Bags,Clutches & Wristlets,unbranded,"Black,Brown",OS,Y,Y,N,$7.64,$11.00,$0.00,$0.00,$6.11,MD,21045,$0.46,$0.00,,
10/15/2022,10/22/2022,,6354ae959202b692ff475460,Brighton Pebbled Leather Croc Embossed Shoulder Bag- Small,Women,Bags,Shoulder Bags,Brighton,"Black,Brown",OS,N,N,N,$18.00,$18.00,$0.00,$0.00,$14.40,GA,30815,$2.06,$0.00,,
09/18/2022,10/17/2022,,634badfb00deababd502bdbc,Vintage Embroidered Navy Blue MIDI dress‚Äî Size S/M,Women,Dresses,Midi,Vintage,Blue,S/M,Y,Y,N,$13.78,$31.00,$0.00,$0.00,$11.02,CA,90045,$1.31,$0.00,,
08/26/2022,10/17/2022,,634badfb00deababd502bdbc,Vintage Handcarved wooden African Animal Necklace,Women,Jewelry,Necklaces,unbranded,"Brown,Tan",OS,Y,Y,N,$5.33,$12.00,$0.00,$0.00,$4.26,CA,90045,$0.50,$0.00,,
08/31/2022,10/17/2022,,634badfb00deababd502bdbc,Vintage Three Strand Acrylic and Wood Bead Avon Necklace,Women,Jewelry,Necklaces,Avon,"Orange,Brown",OS,Y,Y,N,$3.56,$8.00,$0.00,$0.00,$2.85,CA,90045,$0.34,$0.00,,
08/28/2022,10/17/2022,,634badfb00deababd502bdbc,Vintage Signed FLP Large Square Silver-tone & Amber Color CAB Clip-on Earrings,Women,Jewelry,Earrings,FLP Vintage,"Silver,Brown",OS,Y,Y,N,$5.33,$12.00,$0.00,$0.00,$4.27,CA,90045,$0.50,$0.00,,
10/10/2022,10/25/2022,,63583d9557357cb1fac38269,Retired Hand-Painted Anuschka Genuine Leather Crossbody Organizer,Women,Bags,Shoulder Bags,Anuschka,"Brown,Pink",OS,N,Y,N,$54.00,$62.00,$0.00,$0.00,$43.20,CA,94112,$4.66,$0.00,,
10/14/2022,10/15/2022,,634b765d8ea15fb7874cec2c,Juicy Couture AVORA Boots Black Sequined Embellished Ankle Booties Sz 10,Women,Shoes,Ankle Boots & Booties,Juicy Couture,Black,10,N,Y,N,$22.00,$25.00,$1.72,$0.00,$15.88,TX,78671,$1.89,$0.00,,
10/09/2022,10/25/2022,,6357b52390451f2755f5976b,"Sam Edelman Suede ""Rodney"" Pointed toe Ballet Flats Oatmeal Beige Women's Size 7",Women,Shoes,Flats & Loafers,Sam Edelman,Tan,7,N,Y,N,$19.00,$24.00,$2.68,$0.00,$12.52,PA,19342,$0.00,$0.00,This sale is exempt from sales tax.,
10/11/2022,10/23/2022,,6355c87d1fc05679003d6a06,BANANA REPUBLIC Red Suede Leather Patchwork Frame Clutch Purse w/ Silver Clutch,Women,Bags,Wallets,Banana Republic,Orange,OS,N,Y,N,$14.00,$21.00,$0.00,$0.00,$11.05,AL,36608,$1.12,$0.00,,
08/29/2022,10/29/2022,,635ddc053318677f624ffed0,SHINE New York Black Cropped Rabbit Fur Shrug,Women,Jackets & Coats,,Shine New York,Black,L,N,Y,N,$35.00,$53.00,$0.00,$0.00,$28.00,GA,30044,$2.56,$0.00,,
10/23/2022,10/28/2022,,635be7489376e54e4893919a,Vintage Carolina Colors Ugly Halloween Sweater Vest-Size M,Women,Sweaters,,Vintage,"Black,Orange",L,N,Y,N,$35.00,$45.00,$0.00,$0.00,$28.00,NC,27526,$2.98,$0.00,,
10/17/2022,11/01/2022,,636125c6f959cb86bb578d97,Lab Created White Sapphire 925 Sterling Silver Ring- Size 7,Women,Jewelry,Rings,jelwery,"White,Silver",7,N,Y,Y,$49.00,$55.00,$0.00,$0.00,$39.20,AR,72209,$4.90,$0.00,,
10/31/2022,11/02/2022,,62d83bb37e1008c39f5f1e3d,Jules Jurgensen Genuine Gemstone Watch,Women,Accessories,Watches,Jules Jurgensen,"Gold,Green",OS,N,Y,N,$41.00,$46.00,$1.72,$0.00,$31.08,CA,95616,$3.38,$0.00,,
10/26/2022,10/31/2022,,635c29a0a2c42e765c68acae,Gold Rimmed Mother of Pearl Angel Wing Earrings,Women,Jewelry,Earrings,,"Gold,White",OS,Y,Y,N,$15.00,$18.00,$1.29,$0.00,$10.71,MO,63011,--,,State does not currently impose a sales tax.,
10/28/2022,10/31/2022,,635c29a0a2c42e765c68acae,Preowned retro silver tone juicy couture hoop dangle earrings ‚≠êÔ∏è,Women,Jewelry,Earrings,Juicy Couture,Silver,OS,Y,Y,N,$5.00,$6.00,$0.43,$0.00,$3.57,MO,63011,--,,State does not currently impose a sales tax.,
08/18/2022,10/13/2022,,6330fd86e32527dcdb4e3381,Victorias Secret collectible pinstriped Pink Dog w/Hoodie MTV Backstage Pass Tag,Home,Other,,PINK Victoria's Secret,"Pink,White",OS,N,Y,N,$8.00,$11.00,$0.00,$0.00,$5.05,FL,32934,$1.10,$0.00,,
10/15/2022,11/05/2022,,6367170d7b2db67f479b6b5c,Jewelry making kit Pure Allure Swarovski Crystal Jewelry Necklace & Earring NEW,Women,Jewelry,Bracelets,Pure Allure,"Silver,Gray",OS,N,Y,N,$5.00,$6.00,$0.00,$0.00,$2.05,AZ,85120,$0.46,$0.00,,
11/01/2022,11/07/2022,,6369a8960ffb4b5ff116a5d0,ü¶Ñ Juicy Couture Love Me Not Tote Bag NWOT $109,Women,Bags,Totes,Juicy Couture,"White,Pink",OS,N,Y,N,$28.00,$35.00,$0.00,$0.00,$22.40,TX,75217,$2.95,$0.00,,
08/28/2022,10/23/2022,,63559095de6edc5b5387f1a6,2 yummmm Pyrex glass bowl,Home,Kitchen,Bakeware,Pyrex,,OS,Y,Y,N,$8.33,$13.00,$0.00,$0.00,$6.66,TX,75701,$0.89,$0.00,,
08/27/2022,10/23/2022,,63559095de6edc5b5387f1a6,Vintage Framed Crewel Embroidery Wall Art- Pink Kitten,Home,Wall Decor,,Vintage,"Pink,Green",OS,Y,Y,N,$6.41,$10.00,$0.00,$0.00,$5.13,TX,75701,$0.74,$0.00,,
08/28/2022,10/23/2022,,63559095de6edc5b5387f1a6,VTG Handmade Knit Crocheted Baby Blanket and Wrap Cottagecore,Home,Bedding,Blankets & Throws,Hand Crafted,"Blue,White",OS,Y,Y,N,$10.26,$16.00,$0.00,$0.00,$8.21,TX,75701,$1.05,$0.00,,
10/09/2022,11/01/2022,,633f144332add792d3f49d38,Kathy Van Zeeland Y2K Blue faux leather Snakeskin Shoulder Bag‚Äî 100% authentic,Women,Bags,Shoulder Bags,Kathy Van Zeeland,Blue,OS,N,Y,N,$10.00,$14.00,$0.00,$0.00,$7.05,IL,60622,$1.83,$0.00,,
10/23/2022,10/31/2022,,6360322478b9e8151009d0e5,Vtg Cape Isle Knitters Oversized Halloween Sweater: Size L-  knitted by hand,Women,Sweaters,,Vintage,"Black,Orange",L,N,Y,N,$40.00,$55.00,$0.00,$0.00,$32.00,CA,95472,$3.40,$0.00,,
09/21/2022,11/01/2022,,6361f13633dfd2f9404b16d3,Vintage Brass Basket Made in India,Home,Accents,Baskets & Bins,Vintage,Gold,OS,N,Y,N,$9.00,$10.00,$0.00,$0.00,$6.05,OR,97317,--,,State does not currently impose a sales tax.,
11/05/2022,11/07/2022,,6368fe22ef1a4ed83c05da70,Avon True Color Lipstick Cherry Jubilee,Women,Makeup,Lipstick,Avon,,OS,N,N,Y,$20.00,$20.00,$0.00,$0.00,$16.00,KY,42101,$1.44,$0.00,,
10/23/2022,10/23/2022,,63562dc700deab72a52287f6,COPY - Pandora Unforgettable Moments Bracelet Shine Bright Star Clasp Mesh Bang‚Ä¶,Women,Jewelry,Bracelets,Pandora,Silver,OS,Y,N,N,$39.60,$44.00,$0.00,$0.00,$31.68,NJ,8835,$2.79,$0.00,,
10/08/2022,10/23/2022,,63562dc700deab72a52287f6,LIME CRIME Opaque Lipstick MINT TO BE NEW (green),Women,Makeup,Lipstick,Lime Crime,Green,OS,Y,N,N,$7.20,$8.00,$0.00,$0.00,$5.76,NJ,8835,$0.65,$0.00,,
08/28/2022,10/23/2022,,63562dc700deab72a52287f6,NWOT Clear Crystal Dangle Hook Earrings,Women,Jewelry,Earrings,unknown,White,OS,Y,N,N,$8.10,$9.00,$0.00,$0.00,$6.48,NJ,8835,$0.71,$0.00,,
10/19/2022,11/04/2022,,63657260307ba9871b748f87,SAY WHAT? Boho Fringe Striped Cardigan- size M,Women,Sweaters,Cardigans,Say What?,"Cream,Blue",M,N,N,N,$20.00,$20.00,$0.00,$0.00,$16.00,CA,93257-2073,$1.85,$0.00,,
10/29/2022,11/06/2022,,636762eb1fd5e32bc018ac53,Toddler boys bundle: size 12M sweater size 18M jeans,Kids,Shirts & Tops,,Polo by Ralph Lauren,Blue,12-18MB,N,N,N,$15.00,$15.00,$0.00,$0.00,$12.00,NV,89183,$1.26,$0.00,,
11/16/2022,11/16/2022,,6374f7debee4b03b6e1f7788,Pink Pandora Unforgettable Moment Travel Jewelry Clutch- NIB,Women,Bags,Travel Bags,Pandora,Pink,OS,N,Y,Y,$40.00,$49.00,$0.00,$0.00,$32.00,GA,30121,$3.34,$0.00,,
10/11/2022,11/04/2022,,63654a0022f797f5ff3af656,WORLD MARKET Major Cities (Set of 6) Stackable Coffee Mugs Cups w/Silver Holder,Home,Dining,Mugs,Cost Plus World Market,"White,Blue",OS,N,N,N,$17.00,$17.00,$0.00,$0.00,$13.60,MI,49418,$1.48,$0.00,,
11/16/2022,11/20/2022,,637a8834a66374dfc8036154,Y2K Vintage Fossil Vos de London Leather Purse/Bag (75082),Women,Bags,Shoulder Bags,Fossil,"Brown,Green",OS,N,Y,N,$27.00,$39.00,$0.00,$0.00,$21.60,OH,45373,$2.43,$0.00,,
11/05/2022,11/11/2022,,636db6861bcd2b24f6766ab0,‚ù§Ô∏èHP‚ù§Ô∏è Michael Michael Kors Pink Laser Cut Keaton Slip On Sneakers Size 6.5,Women,Shoes,Sneakers,Michael Kors,Pink,6.5,Y,Y,N,$19.38,$24.00,$0.00,$0.00,$15.50,CO,80537,$1.30,$0.00,,
10/19/2022,11/11/2022,,636db6861bcd2b24f6766ab0,Vintage Oversized Chaus Nautical Knit Sweater- Size L,Women,Sweaters,Cardigans,Chaus,"White,Gold",L,Y,Y,N,$22.62,$28.00,$0.00,$0.00,$18.10,CO,80537,$1.52,$0.00,,
11/09/2022,11/16/2022,,637590caa0cf3dd3bb69dd4a,ü¶Ñ Adrianna Papell Long Sleeve Off The Shoulder Gold Sequin Silk Top Size 14,Women,Tops,Blouses,Adrianna Papell,Gold,14,N,Y,N,$18.00,$21.00,$1.72,$0.00,$12.68,NM,87401,$2.00,$0.00,,
10/19/2022,11/10/2022,,636dc74e955a4b33660acb1c,Brand New Betsey Johnson Drop Earrings,Women,Jewelry,Earrings,Betsey Johnson,"Blue,Pink",OS,N,N,N,$9.00,$9.00,$0.00,$0.00,$6.05,KY,42728,$1.00,$0.00,,
11/01/2022,11/19/2022,,6378fa1165df9f333751265f,100% Silk tie by Salvatore Ferragamo,Men,Accessories,Ties,Salvatore Ferragamo,"Blue,Gold",OS,N,Y,N,$32.00,$42.00,$0.00,$0.00,$25.60,NJ,8807,$0.00,$0.00,This sale is exempt from sales tax.,
11/10/2022,11/23/2022,,637e66957687ee54907f924e,Harley Davidson Stainless Steel Thermos 24 oz w/ Vacuum Seal Lid Button,Home,Kitchen,,Harley-Davidson,"Black,Orange",OS,N,Y,N,$7.00,$8.00,$0.00,$0.00,$4.05,TX,79363,$1.23,$0.00,,
10/27/2022,11/13/2022,,63718eaa9c38ced2992a70a5,‚≠êÔ∏è Vintage Jeanne Bouchever Interlocking Starfish Belt Buckle,Women,Accessories,Belts,Vintage,Gold,OS,N,Y,N,$16.00,$22.00,$0.00,$0.00,$12.80,CA,90755,$1.64,$0.00,,
11/13/2022,11/24/2022,,637fa49f9202b6a15eb0763f,PEDRINI INOX 18/10 Design Ladle Spoon with Green Lucite Handle,Home,Kitchen,,Inox,"Silver,Black",OS,N,Y,N,$18.00,$20.00,$1.72,$0.00,$12.68,WI,53064,$1.20,$0.00,,
10/18/2022,11/17/2022,,63704f5c234eed12d3734918,Vintage Beaded Evening Bag Bundle- (2) convertible coinpurse/crossbody bags,Women,Bags,,Vintage,"Gold,Black",OS,N,Y,N,$15.00,$19.00,$0.00,$0.00,$12.00,MD,20720,$0.90,$0.00,,
10/26/2022,11/23/2022,,637e686f00deab6f1fac5198,MICHAEL KORS REVERSIBLE LOGO BELT- Size L,Women,Accessories,Belts,Michael Kors,"Brown,Black",L,N,Y,N,$27.00,$45.00,$1.72,$0.00,$19.88,FL,33993,$2.15,$0.00,,
11/21/2022,11/21/2022,,637bfd4f9f212b70800c77d0,WOMEN'S JOAN OF ARCTIC‚Ñ¢ WEDGE III CHELSEA BOOTIE size 8.5,Women,Shoes,Wedges,Sorel,Black,8.5,N,N,N,$49.00,$49.00,$0.00,$0.00,$39.20,NE,68069,$3.12,$0.00,,
10/22/2022,11/13/2022,,6371b12757357cfdd3fcd239,Vintage Juicy Couture Black Velour Shoulder Bag Satchel Shoulder Purse Y2K,Women,Bags,,Juicy Couture,"Black,Tan",OS,N,Y,N,$47.00,$69.00,$0.00,$0.00,$37.60,OH,44512,$4.11,$0.00,,
10/23/2022,11/15/2022,,63748219de6edcbb457fd36d,PS3 Kids Game Bundle,Home,Games,,Disney,"Blue,White",OS,N,Y,N,$21.00,$25.00,$0.00,$0.00,$16.80,WV,25524,$1.72,$0.00,,
11/27/2022,12/01/2022,,6388b53ab208630b4f75201a,New Betsey Johnson BARROW embroidered mule 10,Women,Shoes,Mules & Clogs,Betsey Johnson,"Yellow,Black",10,N,Y,N,$22.00,$28.00,$0.00,$0.00,$17.60,MD,21042,$1.32,$0.00,,
11/11/2022,11/30/2022,,6387e2c39aaf558f57c0b3b5,Vintage Oversized Wool Knit Cardigan By Swell- L,Women,Sweaters,Cardigans,,Yellow,L,N,Y,N,$19.00,$28.00,$2.68,$0.00,$12.52,CT,6484,$1.53,$0.00,,
11/22/2022,12/01/2022,,638933fc6b8e4c075dd24170,Medium Tignanello Brown Pebble Leather Shoulder Bag w/ Braided Accent!!,Women,Bags,Shoulder Bags,Tignanello,"Brown,Silver",OS,N,Y,N,$13.00,$16.00,$0.00,$0.00,$10.05,WI,53214,$1.14,$0.00,,
11/21/2022,11/29/2022,,6386c1f3eb32b2b605107606,Justin Full Quill Ostrich Cowboy Boots Women‚Äôs 9,Women,Shoes,Heeled Boots,Justin Boots,Black,9,N,Y,N,$125.00,$165.00,$0.00,$0.00,$100.00,TN,37721,$12.27,$0.00,,
11/21/2022,11/26/2022,,63825b97e5460f4f528858d3,Wonder Woman Strongest Women Alive Mug,Home,Kitchen,Coffee & Tea Accessories,Wonder Woman,"Red,Blue",OS,N,N,N,$6.00,$6.00,$0.00,$0.00,$3.05,TN,37075,$0.93,$0.00,,
11/13/2022,12/04/2022,,63835a164ac3414627997f93,Black Ferragamo Wedges- size 9.5,Women,Shoes,Wedges,Salvatore Ferragamo,Black,9.5,N,Y,N,$43.00,$62.00,$0.00,$0.00,$34.40,MA,2115,$0.00,$0.00,This sale is exempt from sales tax.,
11/30/2022,12/04/2022,,638d39e8eb32b21a9f4af037,Y2K 2000s hello kitty desk lamp light pink works!,Home,Other,,Hello Kitty,Pink,OS,N,Y,N,$23.00,$39.00,$2.68,$0.00,$15.72,CA,90255,$2.19,$0.00,,
11/30/2022,12/04/2022,,638d1e69120b05c1149e186a,Longaberger baskets,Home,Accents,Baskets & Bins,Longaberger,Tan,OS,N,Y,N,$25.00,$43.00,$2.68,$0.00,$17.32,WA,98367,$2.76,$0.00,,
10/30/2022,11/13/2022,,6371a13694c4341963d1d00a,Mixed Lot of Vintage Victorian style Statement Earring necklace jewelry,Women,Jewelry,Earrings,Vintage,"Gold,Black",OS,N,Y,N,$27.00,$36.00,$1.72,$0.00,$19.88,AK,99650,$1.08,$0.00,,
10/30/2022,11/13/2022,,631b220c9aaf559981c369df,Mixed Lot of Vintage Victorian style Statement Earring necklace jewelry,Women,Jewelry,Earrings,Vintage,"Gold,White",OS,N,Y,N,$27.00,$36.00,$1.72,$0.00,$19.88,AK,99650,$1.08,$0.00,,
11/20/2022,12/01/2022,,63896184301d9bcf924606f0,Press & Go Light-up Musical Caterpillar Crawl Toy for Infants & Toddlers,Kids,Toys,Learning Toys,CubicFun,"Yellow,Green",OSBB,N,N,N,$7.00,$7.00,$0.00,$0.00,$4.05,KY,40216,$0.88,$0.00,,
11/05/2022,12/05/2022,,638e0dfeccff636b1b54ef1d,COPY - Avon True Color Lipstick Cherry Jubilee,Women,Makeup,Lipstick,Avon,,OS,N,N,Y,$20.00,$20.00,$0.00,$0.00,$16.00,TX,79102,$1.98,$0.00,,
11/30/2022,12/05/2022,,638ead82b3df3c93e9ec3163,Kurt Adler Elvis Presley Christmas tree ornament- Heartbreak Hotel,Home,Holiday,Ornaments,Kurt Adler,"Green,Gold",OS,N,Y,N,$29.00,$35.00,$0.00,$0.00,$23.20,KS,66013,$2.72,$0.00,,
11/10/2022,12/02/2022,,638a0d7e2938f8e6a6d05532,The Sak Genuine Leather Messenger bag,Women,Bags,Shoulder Bags,The Sak,Black,OS,N,N,N,$10.00,$10.00,$0.00,$0.00,$7.05,IN,46203,$0.70,$0.00,,
11/23/2022,12/04/2022,,638cb28f1e017d1bd7bf6d8f,Vintage Lauren Ralph Lauren Red Shawl Collar Knit Sweater- size PS,Women,Sweaters,,Lauren Ralph Lauren,Red,SP,N,Y,N,$25.00,$28.00,$1.72,$0.00,$18.28,NH,3055,--,,State does not currently impose a sales tax.,
12/07/2022,12/07/2022,,639187c6c1c422caca6a1fee,Tignanello Croc Print Leather Bag Shoulder Satchel Tote Handbag BROWN COGNAC,Women,Bags,Shoulder Bags,Tignanello,"Tan,Silver",OS,N,Y,N,$38.00,$45.00,$0.00,$0.00,$30.40,OK,73072,$3.33,$0.00,,
11/15/2022,12/03/2022,,638c012eb43a84d077ccb032,Avon True Color Eye Shadow Quad Palette- Romantic Mauves,Women,Makeup,Eyeshadow,Avon,"Brown,Pink",OS,N,Y,Y,$22.00,$25.00,$1.72,$0.00,$15.88,FL,34772,$2.10,$0.00,,
12/05/2022,12/05/2022,,638ebbcbb28d0b3a7366fce2,COPY - Dr. Pepper Flavored Lip Balm in Dr. Pepper Cup Container 0.18 oz.,Women,Makeup,Lip Balm & Gloss,Dr. Pepper,"Red,Brown",OS,N,Y,Y,$7.00,$8.00,$0.00,$0.00,$4.05,NJ,8318,$0.97,$0.00,,
11/24/2022,12/09/2022,,639341d6f4e525f64a4344cd,The Wiz staring Diana Ross &  Michael Jackson a,Electronics,Media,DVDs & Blu-ray Discs,,,OS,N,N,N,$6.00,$6.00,$0.00,$0.00,$3.05,SC,29576,$1.10,$0.00,,
11/11/2022,12/10/2022,,6392d98ca66374486091fa41,Croft & Barrow Chocolate Brown Faux Fur Trim Hooded Suede Coat- XL,Women,Jackets & Coats,,croft & barrow,Brown,XL,N,Y,N,$45.00,$65.00,$1.72,$0.00,$34.28,MO,65203,--,,State does not currently impose a sales tax.,
11/30/2022,12/11/2022,,6396059c3c59c03ed9bc047b,Schmidt Santa Kitty Cucumber Music Box,Home,Holiday,,Schmid,"White,Red",OS,N,Y,N,$17.00,$20.00,$0.00,$0.00,$13.60,PA,15501,$1.48,$0.00,,
11/11/2022,11/13/2022,,63712898a663741ff2fdea1b,"Set Of 4 Lenox Kate Spade WICKFORD  ORCHARD Appetizer Tidbit Plates 5.75""",Home,Dining,Dinnerware,kate spade,"White,Green",OS,N,Y,N,$25.00,$28.00,$1.72,$0.00,$18.28,CT,6238,$1.97,$0.00,,
12/01/2022,12/11/2022,,6396c2cc04eede872d603305,Longaberger Signature Hostess Shoulder Bag Basket Purse w/Leather Trim,Women,Bags,Crossbody Bags,Longerberger,"Black,Tan",OS,N,Y,N,$45.00,$56.00,$0.00,$0.00,$36.00,OH,45050,$3.43,$0.00,,
11/21/2022,12/11/2022,,6396b518b03f9b60f7c6ab75,BOC Born ‚ÄòConcept‚Äô black leather flat tall boots size 9,Women,Shoes,Winter & Rain Boots,Born,Black,9,N,Y,N,$40.00,$48.00,$0.00,$0.00,$32.00,ID,83686,$2.40,$0.00,,
11/28/2022,12/07/2022,,63911d1b0b299f452d595ad6,Vera Bradley (Retired Print) English Rose hobo shoulder bag bundle,Women,Bags,Shoulder Bags,Vera Bradley,"Brown,Pink",OS,N,N,N,$24.00,$24.00,$0.00,$0.00,$19.20,IA,50047,$1.68,$0.00,,
11/15/2022,12/11/2022,,6396bb58a2c42e9e088784a5,Vintage Framed Crewel Embroidery Wall Art- Horses,Home,Wall Decor,,Vintage,"Tan,Blue",OS,N,Y,N,$11.00,$18.00,$1.72,$0.00,$6.33,NY,12143,$1.36,$0.00,,
11/30/2022,12/09/2022,,6393ac35a2c42ee56b05bc9f,"Large Vintage Linen Print Christmas Table cloth -- 68""",Home,Holiday,,Vintage,"Red,White",OS,N,Y,N,$19.00,$28.00,$1.72,$0.00,$13.48,TX,77406,$1.56,$0.00,,
12/14/2022,12/14/2022,,6399fbb390451fc2be573ceb,COPY - Dr. Pepper Flavored Lip Balm in Dr. Pepper Cup Container 0.18 oz.,Women,Makeup,Lip Balm & Gloss,Dr. Pepper,"Red,Brown",OS,N,N,Y,$8.00,$8.00,$0.00,$0.00,$5.05,VA,22406,$0.42,$0.00,,
11/25/2022,12/12/2022,,6397ba5e564ec1cfd22d899b,Vintage Striped Rose pattern Nicolette New York Sweater,Women,Sweaters,Crew & Scoop Necks,Vintage,"Black,White",2X,N,Y,N,$12.00,$18.00,$1.72,$0.00,$7.33,OR,97203,--,,State does not currently impose a sales tax.,
06/30/2022,07/24/2022,,62dd6f6757de973f586e0065,Mother of Pearl Abalone Shells Stretch Bracelet,Women,Jewelry,Bracelets,,"Purple,Silver",OS,N,Y,N,$9.00,$10.00,$1.72,$0.00,$4.33,CO,80401,$0.41,$0.00,,
12/04/2022,12/12/2022,,6398023ac02686c8f19b0a3b,2006 Longerberger pie basket- signed,Home,Other,,Longaberger,"Tan,Red",OS,N,Y,N,$10.00,$14.00,$1.72,$0.00,$5.33,WA,98367,$1.47,$0.00,,
12/04/2022,12/04/2022,,638d5bd232add7a92214104d,DKNY Reversible Soft Faux Fur Throw Blanket in Snow Leopard Pattern,Home,Bedding,Blankets & Throws,Dkny,"Cream,White",OS,N,Y,N,$35.00,$39.00,$1.72,$0.00,$26.28,NC,28804,$2.86,$0.00,,
10/31/2022,12/08/2022,,6392121a413eb6afd3ca0945,NECA Jeff Dunham Talking Animatronic PEANUT Doll 18'' Collectible Tested/Working,Kids,Toys,,NECA,"Purple,Cream",One size,N,N,N,$103.00,$103.00,$0.00,$0.00,$82.40,NY,14810,$8.56,$0.00,,
12/08/2022,12/12/2022,,63967ebb78b9e806f5c17a8f,RALPH LAUREN 100% Cashmere Turtleneck Sweater size small,Women,Sweaters,Cowl & Turtlenecks,Ralph Lauren,Cream,S,N,Y,N,$30.00,$49.00,$1.72,$0.00,$22.28,NY,10467,$0.00,$0.00,This sale is exempt from sales tax.,
12/06/2022,12/16/2022,,639cd159de6edcac39199892,ü¶Ñ Sacha London suede peep toe slingbacks- Size 10,Women,Shoes,Heels,Sacha London,"Black,Tan",10,N,Y,N,$33.00,$37.00,$1.72,$0.00,$24.68,VT,5734,$0.00,$0.00,This sale is exempt from sales tax.,
12/08/2022,12/23/2022,,63a691f22b9ba4f5891bc4dd,Harvey Lewis Swarovski Cowboy Boot Christmas Tree Ornament,Home,Holiday,Ornaments,Swarovski,"Silver,Red",OS,N,Y,N,$8.00,$15.00,$0.00,$0.00,$5.05,CO,80917,$0.66,$0.00,,
11/20/2022,12/12/2022,,6397b45f18def9aa37b3c190,Vintage 1970s Small Woven Wicker Frog,Home,Accents,Decor,,Tan,OS,N,Y,N,$8.00,$12.00,$1.72,$0.00,$3.33,OH,45404,$1.04,$0.00,,
10/27/2022,11/27/2022,,6383a1667899405fa4780df7,4 Corelle by Corning Mosaic Red pattern Dinner plates,Home,Dining,Dinnerware,Corelle,"Red,White",OS,N,Y,N,$23.00,$28.00,$0.00,$0.00,$18.40,CA,95035,$2.16,$0.00,,
11/30/2022,12/27/2022,,63ab29f765df9f307136b154,Beautiful enamel turtle picture frame,Home,Accents,Picture Frames,,"Green,Orange",OS,N,Y,N,$10.00,$18.00,$0.00,$0.00,$7.05,UT,84128,$0.73,$0.00,,
11/30/2022,12/26/2022,,63aa248c9aaf5593a4a36899,Juicy Couture Pink Shoulder bag,Women,Bags,Shoulder Bags,Juicy Couture,"Pink,Gold",OS,N,N,N,$17.00,$17.00,$0.00,$0.00,$13.60,NY,14020,$1.98,$0.00,,
12/03/2022,01/02/2023,,63b2f52e57357ca77567f5f5,ü¶Ñ Vintage 90s Long Sleeve April Cornell Red Tulle Dress- Size M,Women,Dresses,,April Cornell,"Red,Blue",M,N,Y,N,$40.00,$46.00,$0.00,$0.00,$32.00,TN,37363,$4.41,$0.00,,
12/02/2022,12/25/2022,,63a8d4e9c793c4e87348bce6,St. John's Bay Hooded Puffer Coat Jacket with Faux Trim- XXL coat,Women,Jackets & Coats,Ski & Snow Jackets,St. John's Bay,"Green,Tan",XXL,N,N,N,$60.00,$60.00,$0.00,$0.00,$48.00,MT,59937,--,,State does not currently impose a sales tax.,
12/29/2022,12/31/2022,,63b04b4c90451f7d9c6a0221,NWOB YSL Ombres Duo Lumieres Eye Shadow Duo 19- Tester Pallet- unused,Women,Makeup,Eyeshadow,Yves Saint Laurent,"Pink,Black",OS,N,Y,N,$12.00,$12.00,$0.00,$0.00,$9.05,CT,6475,$1.25,$0.00,,
12/13/2022,01/02/2023,,63b2ec9965df9fcbdfc1ee97,"Adidas Ivy Park Crossbody Bag- belt bag capable, but no belt",Women,Bags,Crossbody Bags,IVY PARK,"Brown,White",OS,N,N,N,$45.00,$45.00,$0.00,$0.00,$36.00,FL,32250,$3.38,$0.00,,
12/30/2022,01/06/2023,,6376b3b867755d26a2d4d3a6,Betsey Johnson Faux Leather Fuchsia/Black/Bone Striped Luv Satchel handbag,Women,Bags,Satchels,Betsey Johnson,"Pink,Black",OS,N,N,N,$18.00,$18.00,$0.00,$0.00,$14.40,TX,76248,$2.12,$0.00,,
12/22/2022,01/09/2023,,63bc5e20a0cf3dfdfe17acbc,Matisse Women‚Äôs Leather Cowboy Boots- size 6,Women,Shoes,Heeled Boots,Matisse,"Brown,Blue",6,N,Y,N,$55.00,$69.00,$0.00,$0.00,$44.00,SC,29445,$5.02,$0.00,,
12/29/2022,01/07/2023,,63b99e4a75f02a2dac47abad,Preowned Suede Lucky Brand peep toe slingback booties size,Women,Shoes,Ankle Boots & Booties,Lucky Brand,Black,9,N,Y,N,$27.00,$30.00,$1.72,$0.00,$19.88,VA,23234,$1.62,$0.00,,
01/05/2023,01/06/2023,,63b858d5d5d2c176cf29613d,Star Wars Vintage 1978 Kenner 12‚Äù Stormtrooper only,Home,Other,,Kenner,White,OS,N,N,N,$45.00,$45.00,$0.00,$0.00,$36.00,CA,95112,$4.21,$0.00,,
12/20/2022,01/05/2023,,63b7b1d92ea6c9c2637cd7d8,Disney RETRO/ VINTAGE 90S Minnie Mouse backpack,Kids,Accessories,Bags,Disney,"Black,Pink",OSG,N,Y,N,$10.00,$12.00,$0.00,$0.00,$7.05,TN,37377,$1.64,$0.00,,
01/04/2023,01/17/2023,,63c6ef12955a4bf41d08bcac,Gently used Pink and White Nike Court MO4 Tennis Shoes size 9.5,Women,Shoes,Athletic Shoes,Nike,"White,Pink",9.5,N,Y,N,$43.00,$48.00,$1.72,$0.00,$32.68,GA,30417,$3.92,$0.00,,
12/22/2022,01/15/2023,,63c3bc6393db23d43b06bed3,Like New Wetkiss Women's Knee High Boots Colorful Snakeskin Boots- Size 8.5,Women,Shoes,Heeled Boots,wetkiss,"Blue,Gray",8.5,N,Y,N,$40.00,$69.00,$0.00,$0.00,$32.00,CA,90245,$3.80,$0.00,,
12/24/2022,01/16/2023,,63c61bada2c42ef22692d8d3,Vintage Two Sisters clip on Earrings,Women,Jewelry,Earrings,two sisters,"Gold,White",OS,N,Y,N,$10.00,$12.00,$0.00,$0.00,$7.05,TX,77063,$1.47,$0.00,,
12/17/2022,01/12/2023,,63c084cf6e6614e67ff3973d,Lot of earrings,Women,Jewelry,Earrings,,"Gold,Silver",OS,Y,Y,N,$9.13,$12.00,$0.00,$0.00,$7.30,CA,92532,$0.80,$0.00,,
12/26/2022,01/12/2023,,63c084cf6e6614e67ff3973d,Designer Inspired Pin Lot,Women,Jewelry,Brooches,,"Pink,Silver",OS,Y,Y,N,$74.54,$98.00,$0.00,$0.00,$59.63,CA,92532,$6.53,$0.00,,
12/29/2022,01/12/2023,,63c084cf6e6614e67ff3973d,"Large mixed lot of teen girls jewelry -rings, necklaces, bracelets and earrings!",Kids,Accessories,Jewelry,unbranded,"Silver,Pink",OSG,Y,Y,N,$24.33,$32.00,$0.00,$0.00,$19.47,CA,92532,$2.12,$0.00,,
12/20/2022,01/20/2023,,63856d2532add7d560f1b2b9,Vintage Gepetto Western Style Denim Single Button Blazer Jacket- size S,Women,Jackets & Coats,Jean Jackets,Vintage,"Blue,Brown",S,N,Y,N,$35.00,$45.00,$0.00,$0.00,$28.00,MI,48237,$2.56,$0.00,,
01/07/2023,01/19/2023,,63c9a879c1c422cf1db47130,Signed Polish Pottery Canister,Home,Kitchen,,Unikat,"Blue,White",OS,N,Y,N,$24.00,$35.00,$0.00,$0.00,$19.20,PA,17055,$1.90,$0.00,,
01/10/2023,01/22/2023,,63cd666ee359ef9a63b7c3f7,Vintage Brass Duck Paperweight Figurine,Home,Accents,Decor,None,Gold,OS,N,Y,N,$10.00,$13.00,$0.00,$0.00,$7.05,IN,46158,$0.70,$0.00,,
01/01/2023,01/18/2023,,63c8ab4b4578a1cbd003d8b5,ü¶Ñ Elegant BULOVA Classic StainlessSteel Watch- Charmaine Lynch 2013,Women,Accessories,Watches,Bulova,Silver,OS,N,Y,N,$34.00,$46.00,$1.72,$0.00,$25.48,MO,63123,$1.44,$0.00,,
12/27/2022,01/20/2023,,63c39f3eec2c7f60f29b5304,Zalo Fish Aquatic Pattern Multicolor leather Heeled loafers heeled flats Size 7,Women,Shoes,Heels,Zalo,"Blue,Pink",7,N,Y,N,$30.00,$49.00,$0.00,$0.00,$24.00,CA,91607,$2.86,$0.00,,
01/22/2023,01/25/2023,,63d16b5c948fa0258cad6519,COPY - Crocs Cyprus IV Brown Strappy Slip On Comfort Heels Sandals,Women,Shoes,Heels,CROCS,Brown,9,N,N,N,$23.00,$23.00,$0.00,$0.00,$18.40,NJ,7030,$0.00,$0.00,This sale is exempt from sales tax.,
01/15/2023,01/28/2023,,63d591d1301d9b26fab44451,"HEIDI DAUS ""Sublime Star"" Clear Crystal White Faux Pearl Hinged Bracelet",Women,Jewelry,Bracelets,Heidi Daus,Brown,OS,N,Y,N,$60.00,$75.00,$0.00,$0.00,$48.00,PA,18045,$4.06,$0.00,,
12/30/2022,01/28/2023,,63d52d3b57357c539f06b99c,ü¶Ñ Tolblanc Paris Stacked Layer Leather Shoulder Bag,Women,Bags,Shoulder Bags,tolblanc paris,"Black,Green",OS,N,Y,N,$25.00,$38.00,$0.00,$0.00,$20.00,PA,15349,$1.96,$0.00,,
01/21/2023,01/29/2023,,63d6f31566e9b659077c3c23,Lot of Vintage Brass Bud Vases,Home,Accents,Vases,unbranded,Gold,OS,N,Y,N,$31.00,$35.00,$1.72,$0.00,$23.08,CA,92501,$2.72,$0.00,,
12/28/2022,01/26/2023,,63d2a483de6edcc050fee6cb,Versace Black Leather Glasses Case,Men,Accessories,Sunglasses,Versace,Black,OS,N,Y,N,$14.00,$18.00,$0.00,$0.00,$11.05,NE,68154,$1.52,$0.00,,
12/27/2022,01/23/2023,,63ce447e2ea6c90f94f6f27c,Sterling Silver Pendants Lot,Women,Jewelry,Necklaces,,"Silver,Blue",OS,Y,Y,N,$21.17,$28.00,$0.00,$0.00,$16.94,TX,78229,$1.90,$0.00,,
01/10/2023,01/23/2023,,63ce447e2ea6c90f94f6f27c,Sam Edelman Ludlow glitter dot pointed toe slingback pumps Women's SZ US 6.5,Women,Shoes,Heels,Sam Edelman,Black,6.5,Y,Y,N,$21.17,$28.00,$0.00,$0.00,$16.94,TX,78229,$1.90,$0.00,,
01/18/2023,01/23/2023,,63ce447e2ea6c90f94f6f27c,Vintage Sterling 925 Hook Closure Bracelet,Women,Jewelry,Bracelets,,Silver,OS,Y,Y,N,$9.83,$13.00,$0.00,$0.00,$7.86,TX,78229,$0.96,$0.00,,
01/13/2023,01/23/2023,,63ce447e2ea6c90f94f6f27c,Authentic preowned leather apostrophe Bag,Women,Bags,,Apostrophe,Black,OS,Y,Y,N,$9.83,$13.00,$0.00,$0.00,$7.86,TX,78229,$0.96,$0.00,,
02/01/2023,02/03/2023,,63dddfd89aaf55055fedcdbe,Vintage Shofel Bros. gold tone necklace signed SHB,Women,Jewelry,Necklaces,Shofel Brothers,Gold,OS,N,N,N,$11.00,$11.00,$0.00,$0.00,$8.05,MA,2324,$0.69,$0.00,,
01/10/2023,02/05/2023,,63e0888ab28d0bfb481947c5,SAM EDELMAN Black Suede Novato Slingback Pumps size 8.5,Women,Shoes,Heels,Sam Edelman,Black,8.5,N,Y,N,$28.00,$39.00,$0.00,$0.00,$22.40,WA,98144,$3.66,$0.00,,
01/14/2023,02/05/2023,,63dfc5b1a2c42ebb0648d1c8,Vintage Style Magnetic picture Frames,Home,Accents,Picture Frames,,"Brown,Gold",OS,N,N,N,$8.00,$8.00,$0.00,$0.00,$5.05,FL,33311,$1.10,$0.00,,
01/17/2023,02/11/2023,,63e848ef57357c346b59c3c0,Rae Dunn Jewelry ‚ÄòBe Mine‚Äô Enamel Heart Bar Necklace 14K Gold Plated NWT/Bag,Women,Jewelry,Necklaces,Rae Dunn,"Gold,Red",OS,Y,Y,Y,$11.89,$18.00,$0.00,$0.00,$9.51,IN,46360,$0.83,$0.00,,
01/30/2023,02/11/2023,,63e848ef57357c346b59c3c0,"Rae Dunn ""Grateful"" Sherpa Throw 50""x60""",Home,Bedding,Blankets & Throws,Rae Dunn,"Gray,White",OS,Y,Y,N,$16.51,$25.00,$0.00,$0.00,$13.21,IN,46360,$1.16,$0.00,,
01/24/2023,02/11/2023,,63e848ef57357c346b59c3c0,Rae Dunn Creamer,Home,Kitchen,Coffee & Tea Accessories,Rae Dunn,White,OS,Y,Y,N,$6.60,$10.00,$0.00,$0.00,$5.28,IN,46360,$0.46,$0.00,,
01/14/2023,02/10/2023,,63e718767939e4f6ad86743e,Air Jordan Ones Boy size 9C,Kids,Shoes,Sneakers,Jordan,"Pink,Tan",9B,N,Y,N,$23.00,$29.00,$1.72,$0.00,$16.68,PA,15701,$0.00,$0.00,This sale is exempt from sales tax.,
02/14/2023,02/14/2023,,63ec37d4bafcfc940b4aec2c,Womens Reversible Michael Kors belt- small,Women,Accessories,Belts,Michael Kors,"Brown,Black",OS,N,Y,Y,$43.00,$48.00,$1.72,$0.00,$32.68,TN,37766,$4.53,$0.00,,
02/10/2023,02/14/2023,,63eb99ccfd3b2e86312489d2,Large Vintage MCM Brass Duck Figure Figurine,Home,Accents,Decor,Vintage,Gold,OS,N,Y,N,$18.00,$20.00,$1.72,$0.00,$12.68,DC,20004,$1.44,$0.00,,
02/13/2023,02/14/2023,,63ebe9a53dddf447e135a499,2 Vintage Style Gold Tone  Picture Frames,Home,Wall Decor,,,Gold,OS,N,Y,N,$5.00,$9.00,$0.00,$0.00,$2.05,DC,20004,$0.76,$0.00,,
02/06/2023,02/14/2023,,63ec213399611e5a2008ae05,raw turquoise bracelet authentic stones,Women,Jewelry,Bracelets,Vintage,"Blue,Silver",OS,N,Y,N,$12.00,$19.00,$0.00,$0.00,$9.05,PA,15237,$1.38,$0.00,,
01/21/2023,02/17/2023,,63f02a70e359efb2deed45b6,Vintage Flower Clip On Coro Earrings,Women,Jewelry,Earrings,Coro,White,OS,N,Y,N,$18.00,$22.00,$0.00,$0.00,$14.40,VA,22314,$1.08,$0.00,,
01/29/2023,02/11/2023,,63e8538d6b8e4cd37f1490b0,Vintage Western Germany Red Orange Lucite Flower Brooch Retro And Rare,Women,Jewelry,Brooches,Vintage,"Red,Orange",OS,N,Y,N,$12.00,$16.00,$1.72,$0.00,$7.33,MN,55124,$1.28,$0.00,,
02/07/2023,02/20/2023,,63f3d462fd3b2e640ae8b94c,Betsey Johnson Floral Top- Size L(12),Women,Tops,,Betsey Johnson,"Pink,White",L,Y,Y,N,$4.95,$7.00,$0.00,$0.00,$3.96,PA,19145,$0.15,$0.00,Item exempt from sales tax. Sales tax only applicable to shipping fee.,
02/02/2023,02/20/2023,,63f3d462fd3b2e640ae8b94c,Lot of Vintage brass apple figurine/ tray/ paper weight/ trinket box,Home,Accents,Decor,Vintage,"Gold,Yellow",OS,Y,Y,N,$19.80,$28.00,$0.00,$0.00,$15.84,PA,19145,$1.74,$0.00,,
01/22/2023,02/20/2023,,63f3d462fd3b2e640ae8b94c,Vintage Eddie Bauer button-up corduroy dress- M,Women,Dresses,Long Sleeve,Eddie Bauer,"Red,Blue",M,Y,Y,N,$38.89,$55.00,$0.00,$0.00,$31.11,PA,19145,$0.15,$0.00,Item exempt from sales tax. Sales tax only applicable to shipping fee.,
01/27/2023,02/20/2023,,63f3d462fd3b2e640ae8b94c,Vintage classic style extra long single string faux pearl necklace,Women,Jewelry,Necklaces,Vintage,White,OS,Y,Y,N,$6.36,$9.00,$0.00,$0.00,$5.09,PA,19145,$0.66,$0.00,,
02/02/2023,02/20/2023,,63f396466e66147620b31daa,"Large mixed lot of tween girls jewelry -rings, necklaces, bracelets and e‚Ä¶",Kids,Accessories,Jewelry,unbranded,"Silver,Pink",OSG,N,Y,N,$35.00,$39.00,$1.72,$0.00,$26.28,MN,55306,$2.92,$0.00,,
01/27/2023,02/18/2023,,63f174d1a66374939d1774fd,Women‚Äôs Alpinestars Vika V2 Drystar Rubber Motorcycle Boots- Black- Size 8.5/40,Women,Shoes,Combat & Moto Boots,Alpinestars,Black,8.5,N,Y,N,$113.00,$189.00,$1.72,$0.00,$88.68,IL,60061,$8.61,$0.00,,
02/16/2023,02/18/2023,,63f09085f95523f9906c0050,Vintage Genuine hematite necklace,Women,Jewelry,Necklaces,unbranded,"Black,Gray",OS,N,N,N,$6.00,$6.00,$0.00,$0.00,$3.05,NV,89048,$0.46,$0.00,,
02/09/2023,02/23/2023,,63f7d33378b9e8424ae3f73f,Sam Edelman Marley Leather Slingback Heels- size 7,Women,Shoes,Platforms,Sam Edelman,"Tan,Black",7,N,Y,N,$53.00,$59.00,$1.72,$0.00,$40.68,VA,23059,$3.18,$0.00,,
02/18/2023,02/20/2023,,63f3f9fa564ec104244a0287,Red Leather Alligator Print Tignanello shoulder bag,Women,Bags,Shoulder Bags,Tignanello,Red,OS,N,Y,N,$18.00,$20.00,$1.72,$0.00,$12.68,TX,75126,$1.98,$0.00,,
02/24/2023,02/26/2023,,63e1135733186711cfdfe926,Preowned Kate Spade Woven Straw Tote Handbag- Spring Fall,Women,Bags,Totes,kate spade,"Tan,Pink",OS,N,Y,N,$40.00,$58.00,$0.00,$0.00,$32.00,NC,27370,$3.36,$0.00,,
02/25/2023,02/25/2023,,63fa8b2ae359ef77cd521122,3 Mini Wicker Basket plates,Home,Accents,Baskets & Bins,,Tan,OS,N,Y,N,$6.00,$9.00,$0.00,$0.00,$3.05,KS,66067,$1.35,$0.00,,
02/23/2023,02/25/2023,,63f9e0801fd5e36b032db61a,‚ÄúGenuine Italian leather‚Äù VERA PELLE mini cross body bag,Women,Bags,Crossbody Bags,Vera Pelle,Brown,OS,N,N,N,$35.00,$35.00,$0.00,$0.00,$28.00,OH,43123,$3.23,$0.00,,
01/21/2023,02/25/2023,,63fa9cbfec2c7fb81f6bbb1b,NWT yellow Juicy Couture Double Bandeau Bikini- Medium,Women,Swim,Bikinis,Juicy Couture,Yellow,M,N,Y,N,$24.00,$40.00,$2.02,$0.00,$17.18,VA,22903,$1.27,$0.00,,
02/19/2023,02/27/2023,,63fcd3e3d74b0f1c3181192e,Large Mixed lot of Needleworth Embroidery Floss Thread Tools and supplies,Home,Office,Arts & Crafts,DMC,"Blue,Brown",OS,N,Y,N,$60.00,$75.00,$0.00,$0.00,$48.00,NJ,8094,$4.51,$0.00,,
02/19/2023,02/26/2023,,63fbe3648e1e7006a34259e6,Sizzix BIGkick Die Cut Embossing Machine Model 02 Blue,Home,Office,Arts & Crafts,Sizzix,Blue,OS,N,Y,N,$70.00,$85.00,$0.00,$13.50,$56.00,CA,96055,$5.08,$0.00,,
02/26/2023,02/26/2023,,63fbff818ea15fbc6564f4eb,No boundaries Womens Mini Faux Leather backpack,Women,Bags,Backpacks,No Boundaries,"Gold,Blue",OS,N,Y,Y,$9.00,$15.00,$2.02,$0.00,$4.03,MN,55021,$1.11,$0.00,,
02/20/2023,03/13/2023,,640fd6d98ea15f38addbf868,Vintage Snake Serpent Gold Tone Mesh Metal Waist Belt Necklace 70s 80s,Women,Accessories,Belts,Vintage,Silver,OS,N,Y,N,$45.00,$55.00,$0.00,$0.00,$36.00,CA,94117,$3.88,$0.00,,
02/22/2023,03/10/2023,,640ba7fe9aaf5542b1888117,ZARA Basic Hooded Wool Peacoat- size L,Women,Jackets & Coats,Pea Coats,Zara,Gray,L,N,Y,N,$26.00,$38.00,$2.02,$0.00,$18.78,NM,87144,$2.42,$0.00,,
03/06/2023,03/10/2023,,640b87fcacb819c50c5b58c8,Set of two (2) Vintage Black Arcade Atari Drinking Glasses-preowned,Home,Dining,Drinkware,Atari,"Black,Green",OS,N,Y,N,$8.00,$9.00,$0.00,$0.00,$5.05,WA,99362,$1.42,$0.00,,
02/13/2023,03/12/2023,,640e4a9ebafcfc8c38779ca7,Vintage faux leather Disney Cinderella Movie Poster shoulder tote bag,Women,Bags,,Disney,"Pink,Gold",OS,N,N,N,$26.00,$26.00,$0.00,$0.00,$20.80,NJ,7432,$2.25,$0.00,,
03/06/2023,03/12/2023,,640e53bbe325278768fc3263,‚≠êÔ∏è The Sak Crocheted Shoulder bag,Women,Bags,Totes,The Sak,"Tan,Brown",OS,N,Y,N,$20.00,$27.00,$0.00,$0.00,$16.00,MA,2050,$1.25,$0.00,,
02/26/2023,02/26/2023,,63fbd56536660eb4f0ef88d7,Vintage Corelle Corning Ware Rosemarie Coffee Tea Cups Mugs Pink Tulip SET OF 8,Home,Dining,Mugs,CorningWare,"White,Green",OS,N,Y,N,$30.00,$38.00,$0.00,$0.00,$24.00,PA,19555,$2.28,$0.00,,
02/24/2023,03/26/2023,,642125006defc5de4148115e,Pokemon TCG Vaporeon Vmax Premium collection box sealed¬†,Kids,Toys,Trading Cards,pokemon,Blue,OSBUK,N,Y,Y,$68.00,$85.00,$0.00,$0.00,$54.40,PA,19468,$4.56,$0.00,,
02/23/2023,03/19/2023,,6417aa54b43a84b9552bd736,BOC Saddle Brown Shoulder Bag Tooled Vegan Faux Leather Western Wear Large,Women,Bags,Shoulder Bags,boc,Brown,OS,N,Y,N,$31.00,$35.00,$2.02,$0.00,$22.78,MI,48162,$2.22,$0.00,,
03/02/2023,03/26/2023,,642134e594c4345436b0b11a,Vintage Avon Sleepwear Night Shirt Nightgown M/L,Women,Intimates & Sleepwear,Pajamas,Avon,"Brown,Black",M/L,N,Y,N,$12.00,$19.00,$0.00,$0.00,$9.05,AZ,86001,$1.10,$0.00,,
02/19/2023,03/21/2023,,636d3ea02b9ba4f09fc3b40a,Hello Kitty Hot Air Popcorn Maker 2012 Sanrio Popcorn Machine,Home,Kitchen,,Hello Kitty,"Pink,White",OS,N,Y,N,$28.00,$35.00,$0.00,$0.00,$22.40,MN,56560,$2.66,$0.00,,
02/19/2023,03/20/2023,,6418bd75331867f8a40646d6,She + Sky Chunky Oversized Brick Color Turtleneck Cotton Sweater- one size,Women,Sweaters,Cowl & Turtlenecks,She + Sky,"Red,White",One size,N,Y,N,$17.00,$24.00,$0.00,$0.00,$13.60,PA,19133,$0.00,$0.00,This sale is exempt from sales tax.,
02/10/2023,03/07/2023,,6407fa7e955a4b80c11527ab,Vintage Winnie the Pooh Plush Nursery Lamp Tested Working,Home,Accents,Decor,None,"Blue,Yellow",OS,N,Y,N,$21.00,$25.00,$0.00,$0.00,$16.80,CO,80123,$1.06,$0.00,,
04/02/2023,04/03/2023,,642a8bea1be8e107e2c74be5,EUC¬†Dior Gaucho Wedge Sandal 38/7.5 US‚Äî with replacement heel taps,Women,Shoes,Sandals,Dior,"Red,Brown",7.5,N,Y,N,$140.00,$200.00,$0.00,$0.00,$112.00,NY,10012,$13.14,$0.00,,
04/04/2023,04/04/2023,,642c248e6e6614e4f8b21e5d,NWT 18‚Äù Premium Bulk 100% Human Hair Braiding hair lot of 2- Wet & Wavy- Color 4,Women,Hair,Wigs & Extensions,Unbranded,Brown,Wet & Wavy 4,N,Y,Y,$67.00,$75.00,$0.00,$0.00,$53.60,NJ,7060,$4.97,$0.00,,
03/26/2023,04/10/2023,,6434037ede6edc7c3a78c388,Sam¬†Edelman brown leather ankle boots size 6,Women,Shoes,Ankle Boots & Booties,Sam Edelman,Brown,6,N,Y,N,$24.00,$35.00,$2.98,$0.00,$16.22,IN,47201,$1.68,$0.00,,
03/13/2023,04/02/2023,,642a0897b43a8438cf3823b8,Vintage Lemon Themed Italian ceramic pottery dinner ware lot by SIC Set of 3.,Home,Kitchen,,SIC,"White,Yellow",OS,N,N,N,$15.00,$15.00,$0.00,$0.00,$12.00,FL,32219,$1.73,$0.00,,
03/26/2023,04/04/2023,,642bfc60fd3b2e0561f869cc,Vintage¬†Signed Florenza Gold Toned Butterfly Brooch with Red Black Clear crystal,Women,Jewelry,Brooches,Florenza,"Gold,Red",OS,N,Y,N,$26.00,$38.00,$2.02,$0.00,$18.78,DE,19701,--,,State does not currently impose a sales tax.,
04/06/2023,04/12/2023,,6436d7292b9ba414821f458f,‚≠êÔ∏è¬†2 Pairs NWT Size-M FASHION NOVA VOLLY SHORTS,Men,Shorts,,Fashion Nova,"Yellow,Blue",M,N,Y,Y,$27.00,$31.00,$0.00,$0.00,$21.60,VA,23464,$1.62,$0.00,,
03/11/2023,04/09/2023,,64339bb3d5d2c18d88c47aea,LAREDO Genuine Leather Western Cowboy Cowgirl Boots sz 8 1/2. * please read,Men,Shoes,Boots,Laredo,"Brown,Red",8.5,Y,Y,N,$42.65,$58.00,$0.00,$0.00,$34.12,CA,94103,$3.69,$0.00,,
03/18/2023,04/09/2023,,64339bb3d5d2c18d88c47aea,Brown¬†Glass Avon Avon Cowboy Boot,Home,Accents,Decor,Avon,Brown,OS,Y,Y,N,$7.35,$10.00,$0.00,$0.00,$5.88,CA,94103,$0.63,$0.00,,
03/13/2023,04/10/2023,,64349ad82ea6c9ecc7c28c2b,‚≠êÔ∏è¬†3 TOMMY BAHAMA Tropical Palm Melamine Dinner Plates,Home,Dining,Dinnerware,Tommy Bahama,"Green,White",OS,N,Y,N,$18.00,$28.00,$0.00,$0.00,$14.40,HI,96753,$1.04,$0.00,,
04/08/2023,04/18/2023,,643f09e1955a4b6d7c0c00f1,Vintage¬†Y2K Juicy Couture Lady Lock Lolita Leather Shoulder bag handbag,Women,Bags,Shoulder Bags,Juicy Couture,"Black,Gold",OS,N,Y,N,$75.00,$112.00,$0.00,$0.00,$60.00,CA,92545,$6.57,$0.00,,
03/28/2023,04/16/2023,,643c5594f4e5252ab7e07996,Large¬†vintage FOSSIL Leather HANDBAG with bag charm and keychain,Women,Bags,Shoulder Bags,Fossil,Green,OS,N,N,N,$58.00,$58.00,$0.00,$0.00,$46.40,TX,75203,$5.45,$0.00,,
04/12/2023,04/22/2023,,64443228027427d8c5cd0244,Betsey Johnson Bret Classic Heel Pumps Slim Heel Floral | Black Bow | Size 6,Women,Shoes,Heels,Betsey Johnson,"Black,Pink",6,N,Y,N,$24.00,$30.00,$2.02,$0.00,$17.18,CA,94061,$2.37,$0.00,,
04/13/2023,04/21/2023,,64407f1066e9b6e8c9c6d2b7,Tiffany and Co. Heart Charm,Women,Jewelry,,Tiffany & Co.,Silver,OS,N,Y,N,$30.00,$38.00,$0.00,$0.00,$24.00,IL,60402,$3.91,$0.00,,
06/20/2023,06/20/2023,,64915dc46e6614495e4c5e9e,BOGO Thick¬†&Soft Natural 3D 25 mm Mink eyelashes. NEW.,Women,Makeup,Lashes,Unk,Black,OS,N,N,Y,$12.00,$12.00,$0.00,$0.00,$9.05,PA,19363,$1.20,$0.00,,
04/06/2023,06/11/2023,,648676ab7b2db6ca6e03eecb,Lot¬†of 3 NWT Outre Purple Pack 100% Human Hair  Premium Yaki Color 4,Women,Hair,Wigs & Extensions,Outre,Brown,12‚Äù,N,N,Y,$45.00,$45.00,$0.00,$0.00,$36.00,CA,91355,$4.27,$0.00,,
07/01/2023,07/01/2023,,64a0265cfedc5c48efd75cef,NWT 18‚Äù¬†Premium Bulk 100% Human Hair Braiding hair lot of 2- Wet & Wavy- Color 4,Women,Hair,Wigs & Extensions,Unbranded,Brown,Wet & Wavy 4,N,Y,Y,$67.00,$75.00,$2.02,$0.00,$51.58,TX,75652,$6.02,$0.00,,
07/02/2023,07/09/2023,,64aac4481e017d5caf91638f,Framed‚ÄÑMallard¬†Duck in Flight,Home,Art,Prints,,"Tan,Green",OS,N,Y,N,$11.00,$15.00,$0.00,$0.00,$8.05,AR,72903,$1.81,$0.00,,
06/06/2023,08/05/2023,,64ce9a047b2db6cebc10b727,COPY -¬†Vintage NIB Pier 1 Imports Glass Pumpkin Swizzle Sticks.- missing label,Home,Holiday,,Pier 1,"Orange,Green",OS,N,N,Y,$17.00,$17.00,$0.00,$0.00,$13.60,DC,20002,$1.50,$0.00,,
06/21/2023,06/27/2023,,649af6d3e2ac0c813ee938c6,Faux fur¬†shoulder bag,Women,Bags,Crossbody Bags,Topshop,"Brown,Tan",OS,N,Y,N,$21.00,$24.00,$2.02,$0.00,$14.78,NY,12901,$2.16,$0.00,,
06/24/2023,08/13/2023,,64d99a71f4e525b72d44dbf6,Pink Puka¬†shell necklace EUC,Women,Jewelry,Necklaces,Source Unknown,"Silver,Pink",OS,N,Y,N,$7.00,$14.00,$0.00,$0.00,$4.05,CA,92037,$0.55,$0.00,,
06/24/2023,08/27/2023,,64ebe21dfa87b81cbcb9f7f0,Fossil Leather¬†Shoulderbag,Women,Bags,,Fossil,"Brown,Gold",OS,N,Y,N,$18.00,$22.00,$0.00,$0.00,$14.40,TN,38501,$2.54,$0.00,,
06/11/2023,09/10/2023,,64fdd80c18def9406eaf80c8,Set of¬†3 Varages of France 6‚Äù blue bowls,Home,Art,Ceramics,Varages of France,Blue,OS,N,Y,N,$27.00,$31.00,$0.00,$0.00,$21.60,MA,2536,$1.69,$0.00,,
06/21/2023,10/04/2023,,651e3891d5d2c115ef889624,Vintage Disney¬†Pooh Sweatshirt Shirt size L,Women,Tops,,Disney,"Red,Yellow",L,N,Y,N,$22.00,$25.00,$2.02,$0.00,$15.58,OH,44111,$2.24,$0.00,,
06/30/2023,10/16/2023,,652d9061ecbe7eeed60aadbe,Betsey‚ÄÑJohnson Gummy Bear Choker Necklace,Women,Jewelry,Necklaces,Betsey Johnson,"Gold,Pink",OS,N,Y,N,$28.00,$39.00,$0.00,$0.00,$22.40,CT,6457,$2.29,$0.00,,
06/27/2023,10/11/2023,,6526a23349d8d807163cd25a,Cute girls¬†unicorn vans size 13.5,Kids,Shoes,Sneakers,Vans,"White,Blue",13.5G,N,N,N,$18.00,$18.00,$0.00,$0.00,$14.40,WA,99352,$2.27,$0.00,,
10/17/2023,10/17/2023,,652f3a68f95523dd5de6c422,COPY - Metlox Vintage¬†Pottery Teddy Bear Cookie Jar,Home,Kitchen,,Metlox Pottery,"Tan,Blue",OS,N,N,N,$70.00,$70.00,$0.00,$9.00,$56.00,OR,97225,--,,State does not currently impose a sales tax.,
07/04/2023,10/20/2023,,6532bacb0ffb4b8c5e49812a,LL‚ÅüBean¬†G Force Compound Boots women size 6,Women,Shoes,Winter & Rain Boots,L.L. Bean,"Brown,Tan",6,N,Y,N,$38.00,$48.00,$0.00,$0.00,$30.40,TX,78621,$3.80,$0.00,,
,,,,,,,,,,,,,,,,,,,,,,,,
Totals,,,,,,,,,,,,,,"$11,368.50","$13,932.00",$289.43,,"$8,698.82",,,,,,